pg_seguidores,ph_likes,ph_fecha,ph_numerado,ph_hora,ph_hashtags,ph_persona,ph_naturaleza,ph_animal,ph_text,ph_R,ph_G,ph_B,ph_WB,ph_entropia,ph_energia,ph_foco
6600000,3783,2023-03-13,1,21,"['#YourShotPhotographer', '#Taiwan', '#Taipei']",1,0,0,0,0,0,1,0,0.2907422184944153,0.0152679551392793,0.022469145886374935
6600000,24923,2023-03-12,2,16,"['#YourShotPhotographer', '#Rügen']",0,1,0,0,0,0,1,0,0.3283793528874715,0.0044343024492263,0.564312805020127
6600000,14024,2023-03-11,3,17,"['#yourshotphotographer', '#Australia', '#Airshow', '#decisive']",1,0,0,0,0,1,0,0,0.3270487387975057,0.0046857860870659,0.1175262061483927
6600000,5463,2023-03-11,4,1,"['#YourShotPhotographer', '#rakali', '#portrait', '#mammal']",0,0,0,0,1,0,0,0,0.1960460940996805,0.0853690654039383,0.007551373332772461
6600000,12254,2023-03-10,5,1,['#YourShotPhotographer'],1,1,0,0,1,0,0,0,0.3162843783696492,0.0063270325772464,0.013328226788744183
6600000,10896,2023-03-08,6,18,"['#OldIrishGoatSociety', '#OldIrishGoat', '#yourshotphotographer']",0,1,0,0,1,0,0,0,0.2983668645222981,0.0087512722238898,0.08925073867366497
6600000,10896,2023-03-08,6,18,"['#OldIrishGoatSociety', '#OldIrishGoat', '#yourshotphotographer']",1,1,0,0,1,0,0,0,0.3231327732404073,0.0053075258620083,0.005252378068574111
6600000,10896,2023-03-08,6,18,"['#OldIrishGoatSociety', '#OldIrishGoat', '#yourshotphotographer']",0,1,0,0,1,0,0,0,0.3017208973566691,0.0082748150452971,0.05299720960555959
6600000,10896,2023-03-08,6,18,"['#OldIrishGoatSociety', '#OldIrishGoat', '#yourshotphotographer']",0,1,1,0,1,0,0,0,0.3010614116986592,0.0082636903971433,0.021993458029300264
6600000,14531,2023-03-07,7,23,['#yourshotphotographer'],0,1,0,0,1,0,0,0,0.3155433734258016,0.0056483354419469,0.0921958446261794
6600000,12480,2023-03-07,8,1,['#YourShotPhotographer'],0,1,0,0,0,0,1,0,0.3150167465209961,0.0058642979711294,0.011133998803657048
6600000,43874,2023-03-05,9,17,['#YourShotPhotographer'],1,0,0,0,0,0,0,0,0.1907986005147298,0.2713529169559479,0.07888921198619281
6600000,43874,2023-03-05,9,17,['#YourShotPhotographer'],1,0,0,0,0,0,0,0,0.3035767873128255,0.0069397296756505,0.02601795625057016
6600000,9038,2023-03-04,10,17,"['#YourShotPhotographer', '#deer', '#snow', '#Canada', '#wildlife']",0,1,0,0,1,0,0,0,0.281182865301768,0.0123182088136672,0.028898487313314732
6600000,9551,2023-03-03,11,23,"['#YourShotPhotographer', '#ladybug', '#macro', '#seeds', '#nature']",0,1,0,0,1,0,0,0,0.3160990873972575,0.0067730695009231,0.02395916264013123
6600000,6945,2023-03-02,12,22,[],0,0,0,0,1,0,0,0,0.2567876776059468,0.0589498318731784,0.013569074881727898
6600000,6945,2023-03-02,12,22,[],0,0,0,0,1,0,0,0,0.2827100157737732,0.0201042592525482,0.0040821332311778815
6600000,6945,2023-03-02,12,22,[],0,1,0,1,1,0,0,0,0.2771589756011963,0.0172832887619733,0.001963382021325864
6600000,6945,2023-03-02,12,22,[],0,0,0,1,0,0,1,0,0.16525200009346,0.2372664660215377,0.0005057084820235885
6600000,11167,2023-03-02,13,17,"['#YourShotPhotographer', '#Aerial', '#Photography', '#Travel', '#Utah']",0,0,0,0,1,0,0,0,0.302422285079956,0.0075060268864035,0.0395796670894891
6600000,21990,2023-03-02,14,1,"['#YourShotPhotographer', '#Hokkaido', '#Squirrel']",0,1,1,0,0,0,1,0,0.3236700495084126,0.0049322126433253,0.01639212210899564
6600000,11402,2023-02-28,15,17,"['#yourshotphotographer', '#norwayfjords', '#norwaylandscape']",0,1,0,0,0,1,0,0,0.3148121436436971,0.0061570773832499,0.015069918306018401
6600000,7738,2023-02-28,16,1,"['#YourShotPhotographer', '#SpermWhales']",0,0,0,0,0,0,1,0,0.2985251744588216,0.016319939866662,0.002578813187418068
6600000,10819,2023-02-26,17,17,['#YourShotPhotographer'],0,1,0,0,1,0,0,0,0.3083100318908691,0.0064345910213887,0.014150321951151866
6600000,7552,2023-02-26,18,1,"['#YourShotPhotographer', '#KatmaiNationalPark', '#BrownBear']",0,1,0,0,0,1,0,0,0.3177366455396016,0.0056225638836622,0.1715122446182172
6600000,77857,2023-02-24,19,17,"['#YourShotPhotographer', '#TajMahal', '#India']",0,0,0,0,1,0,0,0,0.3178355693817138,0.0055581722408533,0.012314209541154971
6600000,10177,2023-02-23,20,17,['#YourShotPhotographer'],0,1,1,0,0,0,1,0,0.2874127229054768,0.0145857539027929,0.05526845992038115
6600000,12966,2023-02-22,21,17,['#YourShotPhotographer'],0,1,0,0,1,0,0,0,0.3060661355654399,0.008320921100676,0.2241636057156439
6600000,5233,2023-02-21,22,17,"['#YourShotPhotographer', '#SanFranciscoBay', '#California', '#Aerial', '#Photography']",0,0,0,0,1,0,0,0,0.3118731578191121,0.0071242391131818,0.09379922568245291
6600000,11755,2023-02-19,24,17,['#YourShotPhotographer'],0,1,0,0,1,0,0,0,0.2745372056961059,0.0161780845373868,0.0058646955446112
6600000,11755,2023-02-19,24,17,['#YourShotPhotographer'],0,1,0,0,1,0,0,0,0.1784689426422119,0.3224289417266845,0.0016115076293879158
6600000,15222,2023-02-18,25,17,"['#YourShotPhotographer', '#streetphotography', '#NewYork', '#city', '#ManhattanBridge']",1,0,0,0,1,0,0,0,0.3207669258117676,0.0064584552310407,0.03500669453938423
6600000,13204,2023-02-17,28,0,['#yourshotphotographer'],0,1,0,0,1,0,0,0,0.3076558709144592,0.0074098911136388,0.024251640002743914
6600000,6675,2023-02-15,29,22,"['#YourShotPhotographer', '#BlackBear', '#Bear', '#Wildlife']",0,0,0,0,1,0,0,0,0.3071428736050923,0.0073488228954374,0.0341253867986406
6600000,6040,2023-02-14,30,22,['#YourShotPhotographer'],0,0,0,0,0,0,1,0,0.3190051714579264,0.0071451524272561,0.019619267853068743
6600000,11610,2023-02-13,31,17,"['#YourShotPhotographer', '#Kingfisher']",0,1,1,0,0,1,0,0,0.2884687383969624,0.0105451149865984,0.07222257449751016
6600000,8212,2023-02-12,32,20,"['#YourShotPhotographer', '#blackandwhite', '#people']",1,0,0,0,0,0,0,0,0.2726208766301473,0.0267593041062355,0.0047408123361727195
6600000,9689,2023-02-11,33,23,['#YourShotPhotographer'],0,1,0,0,1,0,0,0,0.2884066502253214,0.0104696005582809,0.01580128024653985
6600000,19595,2023-02-10,34,17,"['#YourShotPhotographer', '#RedFox', '#Fox', '#Wildlife', '#FoxKit']",0,1,1,0,0,1,0,0,0.3054739634195964,0.0078147854655981,0.03345532913365901
6600000,15529,2023-02-09,35,17,"['#YourShotPhotographer', '#Aerial', '#Photography', '#California']",0,1,0,0,1,0,0,0,0.3200503389040629,0.0055689746513962,0.0002883819406351828
6600000,10764,2023-02-08,36,15,"['#GrandTetons', '#GrizzlyBear', '#YourShotPhotographer']",0,1,1,0,1,0,0,0,0.3112611770629883,0.0062673483043909,0.016122847610677903
6600000,10871,2023-02-08,37,2,"['#YourShotPhotographer', '#iceland', '#diamondbeach', '#ice']",0,1,0,0,0,0,1,0,0.3208727836608886,0.0056326650083065,0.03324870213501245
6600000,6389,2023-02-06,38,21,"['#YourShotPhotographer', '#spermwhales']",0,1,0,0,0,0,1,0,0.2839488784472148,0.0260540898889303,0.019158794512383264
6600000,11960,2023-02-05,39,17,['#YourShotPhotographer'],0,1,1,0,0,1,0,0,0.2936392823855082,0.0085933655500411,0.020767626916972533
6600000,19434,2023-02-04,40,17,"['#YourShotPhotographer', '#cicada', '#macro', '#nature']",0,1,0,0,1,0,0,0,0.314626395702362,0.0063047790899872,0.010916801347137205
6600000,9545,2023-02-04,41,14,"['#yourshorphotographer', '#sport', '#panning', '#fineratphotography', '#europeanathleticschampionships22']",1,0,0,0,1,0,0,0,0.3089560270309448,0.0072372360154986,0.007135231495814037
6600000,25814,2023-02-04,42,2,"['#YourShotPhotographer', '#Hokkaido', '#Fox']",0,1,0,0,1,0,0,0,0.3092226187388102,0.0072292913682758,0.11811562594294397
6600000,11111,2023-02-03,43,17,['#YourShotPhotographer'],0,0,0,0,0,0,1,0,0.3231881459554036,0.0058391457423567,0.05122841173380546
6600000,7436,2023-02-03,44,14,['#YourShotPhotographer'],0,1,0,0,1,0,0,0,0.3188607096672058,0.0060972338542342,0.08152983097259857
6600000,8670,2023-02-02,45,23,"['#YourShotPhotographer', '#birds', '#behavior', '#goldenhour', '#birdsinaction']",0,1,1,0,1,0,0,0,0.2521578669548034,0.0275552067905664,0.013031889780504291
6600000,9951,2023-02-02,46,20,"['#yourshotphotograhpher', '#iceland', '#exploreiceland']",0,1,0,0,0,0,1,0,0.3230901559193929,0.0049191890284419,0.028301330446564875
6600000,18157,2023-02-02,47,14,['#YourShotPhotographer'],0,1,0,0,0,0,0,0,0.2799413998921712,0.020609512925148,0.02301070609651688
6600000,11423,2023-02-02,48,2,"['#YourShotPhotographer', '#Nevada', '#Aerial', '#Photography']",0,0,0,0,1,0,0,0,0.3219288388888041,0.0050670439377427,0.10068396088158414
6600000,17795,2023-02-01,49,20,"['#YourShotPhotographer', '#Wildlife', '#RedFox']",0,0,0,0,0,0,1,0,0.2052924434343973,0.20574851334095,0.0020877415019648856
6600000,10638,2023-02-01,50,18,"['#yourshotphotographer', '#africandress', '#africanfashion', '#gambia']",1,0,0,0,0,1,0,0,0.3302382826805115,0.0043487483635544,0.03430059870210167
6600000,10638,2023-02-01,50,18,"['#yourshotphotographer', '#africandress', '#africanfashion', '#gambia']",1,0,0,0,1,0,0,0,0.326919674873352,0.0046023987233638,0.015318251046677459
6600000,10638,2023-02-01,50,18,"['#yourshotphotographer', '#africandress', '#africanfashion', '#gambia']",1,0,0,0,1,0,0,0,0.3285218278566996,0.004638778977096,0.03313813106377396
6600000,10638,2023-02-01,50,18,"['#yourshotphotographer', '#africandress', '#africanfashion', '#gambia']",1,0,0,0,0,0,1,0,0.3291362126668294,0.0044902451336383,0.10443176302291876
6600000,11722,2023-02-01,51,2,['#YourShotPhotographer'],1,0,0,0,0,1,0,0,0.3127815723419189,0.0066357171162962,0.019038808953223595
6600000,14658,2023-01-31,52,18,"['#Butterfly', '#CascadeRange', '#YourShotPhotographer']",0,0,0,0,1,0,0,0,0.3014667828877767,0.0089935464784502,0.01872164834716403
6600000,16852,2023-01-31,53,2,"['#YourShotPhotographer', '#Bavaria', '#Alps']",0,0,0,0,1,0,0,0,0.319668173789978,0.005825602915138,0.025720184021203518
6600000,10601,2023-01-30,54,2,['#YourShotPhotographer'],1,0,0,0,1,0,0,0,0.322848637898763,0.005229745991528,0.004817861345496283
6600000,7703,2023-01-29,55,17,['#yourshotphotographer'],0,0,0,0,1,0,0,0,0.3100694417953491,0.0072196377441287,0.020356587570364938
6600000,9637,2023-01-29,56,2,"['#YourShotPhotographer', '#BlackBear', '#Alaska']",0,0,0,0,0,1,0,0,0.2696498235066731,0.0157129764556884,0.029744896540909633
6600000,14146,2023-01-28,57,17,"['#yourshotphotographer', '#swan', '#bird', '#bokeh', '#fineartphotography']",0,0,0,0,0,0,0,0,0.3180914322535197,0.0060938335955142,0.05970678698566324
6600000,10090,2023-01-28,58,2,"['#yourshotphotographer', '#sydney', '#fog', '#sunrise']",1,0,0,0,1,0,0,0,0.2980363170305888,0.0095558734610676,0.006638761827079976
6600000,12088,2023-01-27,59,14,['#YourShotPhotographer'],0,0,0,0,0,0,1,0,0.3257079720497131,0.0049011288210749,0.19355559603561076
6600000,9011,2023-01-26,60,20,"['#YourShotPhotographer', '#spermwhales']",0,0,0,0,0,0,1,0,0.2734547257423401,0.0254342053085565,0.0022508891157202327
6600000,42762,2023-01-26,61,17,['#YourShotPhotographer'],0,0,0,0,0,0,1,0,0.3231830994288127,0.0053131626918911,0.016098587065849188
6600000,9834,2023-01-26,62,14,['#YourShotPhotographer'],1,0,0,0,0,0,1,0,0.2043882211049398,0.1537126451730728,0.1007419171672526
6600000,7266,2023-01-25,64,17,"['#YourShotPhotographer', '#Botswana', '#aerial', '#photography']",0,0,0,0,0,1,0,0,0.2719850738843282,0.0126535464078187,0.013460854194822418
6600000,12818,2023-01-25,65,14,['#YourShotPhotographer'],0,0,0,0,1,0,0,0,0.3115421334902445,0.0063801272772252,0.02108196714650976
6600000,19351,2023-01-24,66,20,['#YourShotPhotographer'],0,0,0,0,1,0,0,0,0.2947105566660563,0.0120245097205042,0.0015389059688478042
6600000,20557,2023-01-24,67,17,"['#YourShotPhotographer', '#Hokkaido', '#Fox']",0,0,0,0,1,0,0,0,0.2678168416023254,0.0308984089642763,0.13833229451822526
6600000,6345,2023-01-24,68,14,['#YourShotPhotographer'],1,0,0,0,1,0,0,0,0.2884957393010457,0.0108318775892257,0.0020938425546387735
6600000,60709,2023-01-23,69,20,"['#YourShotPhotographer', '#sunset', '#travel', '#traveler', '#sunsetlove']",1,0,0,0,1,0,0,0,0.2799303531646728,0.0138052850961685,0.01330525207941155
6600000,10905,2023-01-23,70,17,"['#yourshotphotographer', '#pnw', '#landscapephotography']",0,0,0,0,1,0,0,0,0.3146498998006184,0.0061891484074294,0.02060401577263968
6600000,10882,2023-01-23,71,14,"['#YourShotPhotographer', '#BlackBear', '#Bear', '#Wildlife']",0,0,0,0,1,0,0,0,0.3183247645696004,0.0059197694063186,0.016068354933050494
6600000,7250,2023-01-22,73,17,['#YourShotPhotographer'],0,0,0,0,0,1,0,0,0.2803291877110799,0.0232110135257244,0.06547444939787135
6600000,13035,2023-01-22,74,14,"['#YourShotPhotographer', '#Amsterdam', '#Reflection']",0,0,0,0,0,0,1,0,0.3288350502649943,0.0044922139495611,0.0662434355826724
6600000,23471,2023-01-21,75,14,"['#YourShotPhotographer', '#faroeislands', '#faroe', '#longexposure']",1,0,0,0,0,1,0,0,0.3045177261034648,0.0087094800546765,0.05762707966474603
6600000,26309,2023-01-20,77,1,['#YourShotPhotographer'],0,0,0,0,0,0,1,0,0.3060988982518514,0.0071432888507843,0.004280436848842285
6600000,10468,2023-01-19,78,1,"['#AnnasHummingbird', '#OregonCoast', '#YourShotPhotographer']",0,0,0,0,1,0,0,0,0.2842462460199992,0.0169247239828109,0.009021413530528254
6600000,11264,2023-01-17,79,17,"['#YourShotPhotographer', '#marinelayer', '#wildfireprevention']",0,0,0,0,1,0,0,0,0.3172906438509623,0.0058668386191129,0.0025079493433961776
6600000,28646,2023-01-16,80,17,"['#yourshotphotographer', '#yosemitenps']",0,0,0,0,1,0,0,0,0.3119506041208903,0.0063117826357483,0.03394620704100727
6600000,25838,2023-01-15,81,17,"['#YourShotPhotographer', '#bullfrog', '#frogs', '#monsoonwildlife']",0,0,0,0,1,0,0,0,0.2675601045290629,0.0181374829262495,0.0014274140753557864
6600000,5135,2023-01-14,82,17,"['#YourShotPhotographer', '#Taiwan', '#Zhonghe']",1,0,0,0,1,0,0,0,0.3036207358042399,0.0085284560918807,0.04409827958762695
6600000,15391,2023-01-14,83,1,"['#YourShotPhotographer', '#aerial', '#photography', '#California']",0,0,0,0,1,0,0,0,0.3215377728144328,0.0052106892690062,0.01622701142561068
6600000,14970,2023-01-12,84,17,['#YourShotPhotographer'],0,0,0,0,0,0,1,0,0.3223057985305786,0.0068662147969007,0.020729583083528253
6600000,7679,2023-01-11,85,17,['#YourShotPhotographer'],0,0,0,0,0,1,0,0,0.3076870242754618,0.006650093011558,0.082853082723813
6600000,26072,2023-01-10,86,17,['#YourShotPhotographer'],0,0,0,0,1,0,0,0,0.2828480402628581,0.0138575201854109,0.014927839866873913
6600000,15254,2023-01-09,87,17,"['#YourShotPhotographer', '#Hokkaido', '#fox']",0,0,0,0,1,0,0,0,0.3060502409934997,0.0072089275345206,0.26804836482373096
6600000,27346,2023-01-08,88,17,['#YourShotPhotographer'],0,0,0,0,0,1,0,0,0.3098082145055135,0.0069230082444846,0.008754066254819063
6600000,11708,2023-01-07,89,17,"['#yourshotphotographer', '#trees', '#nature', '#windy', '#fineartphotography']",0,0,0,0,0,0,0,0,0.3280576666196187,0.004517450928688,0.4865400140773655
6600000,6785,2023-01-06,90,17,['#YourShotPhotographer'],0,0,0,0,0,0,1,0,0.2235814730326334,0.0591722354292869,0.04411430395453161
6600000,17663,2023-01-05,91,17,"['#YourShotPhotographer', '#polarbear']",0,0,0,0,0,0,1,0,0.3109034299850464,0.0068300860002636,0.006084797422657535
6600000,12721,2023-01-04,92,17,"['#yourshotphotographer', '#Australia', '#surf', '#waves', '#nature']",0,0,0,0,0,0,1,0,0.3242980241775512,0.0050465269014239,0.022075636453462666
6600000,10952,2023-01-03,93,17,"['#yourshotphotographer', '#badlands', '#badlandsnp']",0,0,0,0,1,0,0,0,0.2994596560796101,0.0080709541216492,0.0169118966994337
6600000,11967,2023-01-02,94,17,"['#YourShotPhotographer', '#color', '#travel', '#India']",0,0,0,1,0,0,1,0,0.3085774978001912,0.0082109905779361,0.008244076817378784
6600000,11967,2023-01-02,94,17,"['#YourShotPhotographer', '#color', '#travel', '#India']",0,0,0,0,0,0,1,0,0.3147961298624674,0.0074413199909031,0.012030647351798164
6600000,11967,2023-01-02,94,17,"['#YourShotPhotographer', '#color', '#travel', '#India']",0,0,0,0,1,0,0,0,0.3255557815233866,0.0049667842686176,0.12930667995334308
6600000,16951,2023-01-01,95,17,['#YourShotPhotographer'],0,0,0,0,0,1,0,0,0.3221850593884786,0.0050574811175465,0.08367331528743306
6600000,12295,2022-12-31,96,17,['#YourShotPhotographer'],0,0,0,0,1,0,0,0,0.3210391799608866,0.0052411840297281,0.0038522696079089556
6600000,9232,2022-12-30,97,17,['#yourshotphotographe'],0,0,0,0,0,0,1,0,0.2642514705657959,0.0199888087809085,0.026013630922824976
6600000,4634,2022-12-29,98,17,"['#YourShotPhotographer', '#Taiwan', '#Taipei']",0,0,0,0,0,0,1,0,0.3114600578943888,0.0079940287396311,0.05223801419295028
6600000,21436,2022-12-28,99,22,"['#yourshotphotographer', '#travel', '#venice', '#rialtobridge', '#sunset']",0,0,0,0,1,0,0,0,0.3127926190694173,0.0065651973709464,0.061436348223601694
6600000,14187,2022-12-27,100,17,['#YourShotPhotographer'],0,0,0,0,1,0,0,0,0.2939352989196777,0.0112522449344396,0.0006748480939579881
6600000,13110,2022-12-26,101,17,['#YourShotPhotographer'],0,0,0,0,0,0,1,0,0.2988281846046448,0.0149727882817387,0.007663270671683831
6600000,10394,2022-12-25,102,11,"['#YourShotPhotographer', '#Locorotondo', '#Apulia', '#Italy', '#christmas']",0,0,0,0,1,0,0,0,0.3298351565996806,0.0044740624725818,0.028688394398721367
6600000,37618,2022-12-24,103,17,['#YourShotPhotographer'],0,0,0,0,1,0,0,0,0.2837566335995992,0.014608584344387,0.07208314149358214
6600000,13026,2022-12-23,104,17,"['#YourShotPhotographer', '#wild', '#bird', '#SpruceGrouse', '#fall']",0,0,0,0,1,0,0,0,0.3151066303253174,0.0057844957336783,0.029503038070442272
6600000,12421,2022-12-22,105,17,"['#yourshotphotographer', '#fatherhood', '#gambia', '#baby', '#fatherson']",0,0,0,0,1,0,0,0,0.3259376883506775,0.0048160175792872,0.021076616317784107
6600000,12421,2022-12-22,105,17,"['#yourshotphotographer', '#fatherhood', '#gambia', '#baby', '#fatherson']",0,0,0,0,0,0,0,0,0.3186998764673869,0.0054630693048238,0.006426218105474484
6600000,15048,2022-12-21,106,17,"['#YourShotPhotographer', '#Newfoundland', '#seascape', '#LongExposure']",0,0,0,0,0,0,1,0,0.3283604184786479,0.0045093856751918,0.04234331628313992
6600000,17455,2022-12-20,107,17,"['#YourShotPhotographer', '#BrownBear', '#Alaska', '#KatmaiNationalPark']",0,0,0,0,1,0,0,0,0.3268150885899861,0.0045738937333226,0.16942408451529306
6600000,17455,2022-12-20,107,17,"['#YourShotPhotographer', '#BrownBear', '#Alaska', '#KatmaiNationalPark']",0,0,0,0,1,0,0,0,0.3160930077234904,0.0060147671028971,0.04705452434875046
6600000,17981,2022-12-20,108,0,['#YourShotPhotographer'],0,0,0,0,0,1,0,0,0.2971348365147908,0.0085787437856197,0.04879968156759682
6600000,11854,2022-12-18,109,17,['#YourShotPhotographer'],0,0,0,0,0,1,0,0,0.2972222566604614,0.0080326804891228,0.015194103356380847
6600000,8770,2022-12-17,110,17,"['#YourShotPhotographer', '#Maracanã', '#stadium', '#aerial', '#photography']",0,0,0,0,1,0,0,0,0.3163373470306396,0.0059879790060222,0.07608054160277891
6600000,7578,2022-12-16,111,17,"['#YourShotPhotographer', '#sealions']",0,0,0,0,0,0,1,0,0.3180468678474426,0.005431274883449,0.03578571374696551
6600000,10481,2022-12-15,112,18,"['#YourShotPhotographer', '#Hokkaido', '#Squirrel']",0,0,0,0,1,0,0,0,0.2961827516555786,0.0092718303203582,0.016882310892913664
6600000,24927,2022-12-14,113,17,"['#YourShotPhotographer', '#Oman']",0,0,0,0,0,1,0,0,0.3212975859642029,0.0054052285850048,0.12429569182998769
6600000,9452,2022-12-13,114,17,['#YourShotPhotographer'],0,0,0,0,1,0,0,0,0.2924025853474934,0.0158999189734458,0.012980477587727439
6600000,10873,2022-12-12,115,17,"['#YourShotPhotographer', '#SouthAfrica', '#stadium', '#aerial', '#photography']",0,0,0,0,1,0,0,0,0.3087096214294433,0.0068672243505716,0.030742064212574395
6600000,10873,2022-12-12,115,17,"['#YourShotPhotographer', '#SouthAfrica', '#stadium', '#aerial', '#photography']",0,0,0,0,1,0,0,0,0.3071512977282206,0.0071675279177725,0.02826763930090921
6600000,37616,2022-12-10,116,17,"['#YourShotPhotographer', '#iceland', '#icecave', '#landscape']",0,0,0,0,0,0,1,0,0.3257492780685425,0.004782872274518,0.17560273517748687
6600000,20109,2022-12-09,117,17,"['#yourshotphotographer', '#iceland', '#exploreiceland', '#landscapephotography']",0,0,0,0,0,1,0,0,0.2866767048835754,0.010990573093295,0.004968985303287115
6600000,11485,2022-12-08,118,17,"['#YourShotPhotographer', '#flower', '#color', '#fineartphotography']",0,0,0,0,1,0,0,0,0.3237427870432536,0.0055260681547224,0.034750161027889505
6600000,14390,2022-12-07,119,17,['#yourshotphotographer'],0,0,0,0,1,0,0,0,0.2998435894648234,0.0089387744665145,0.015880621397000985
6600000,17257,2022-12-06,120,17,"['#YourShotPhotographer', '#macro']",0,0,0,0,0,1,0,0,0.3226952751477559,0.0051513984799385,0.009169033591822091
6600000,7039,2022-12-05,121,17,['#YourShotPhotographer'],0,0,0,0,1,0,0,0,0.31734565893809,0.0071182739920914,0.06218624086643759
6600000,25751,2022-12-04,122,17,['#YourShotPhotographer'],0,0,0,0,1,0,0,0,0.3030946254730224,0.0083707477897405,0.15103634742720465
6600000,9848,2022-12-03,123,17,"['#Vietnam', '#YourShotPhotographer']",0,0,0,0,0,0,1,0,0.3173065980275472,0.0056915124878287,0.06869103714110389
6600000,23077,2022-12-02,124,17,['#YourShotPhotographer'],0,0,0,0,0,0,1,0,0.318445086479187,0.0072818081825971,0.04213533177756807
6600000,10897,2022-12-01,125,17,['#YourShotPhotographer'],0,0,0,0,0,0,1,0,0.3131392399470011,0.0069245011545717,0.1418660711008488
6600000,5753,2022-11-30,126,17,"['#YourShotPhotographer', '#rwanda', '#educationforall']",0,0,0,0,1,0,0,0,0.2944208780924479,0.0090249665081501,0.020626799886574013
6600000,22768,2022-11-29,127,17,"['#SoftshellTurtle', '#MerrittIsland', '#YourShotPhotographer']",0,0,0,0,1,0,0,0,0.2765261729558309,0.0213742516934871,0.03085521171298137
6600000,10788,2022-11-28,128,17,"['#yourshotphotographer', '#makeup', '#pride', '#lgbtq']",0,0,0,0,0,1,0,0,0.3281215031941731,0.0048509296029806,0.02052523304559539
6600000,10788,2022-11-28,128,17,"['#yourshotphotographer', '#makeup', '#pride', '#lgbtq']",0,0,0,0,1,0,0,0,0.3255142569541931,0.0051097287796437,0.01664826045811385
6600000,10788,2022-11-28,128,17,"['#yourshotphotographer', '#makeup', '#pride', '#lgbtq']",0,0,0,0,1,0,0,0,0.3249492645263672,0.0047298558056354,0.012691091242032377
6600000,27037,2022-11-27,129,17,['#YourShotPhotographer'],0,0,0,0,1,0,0,0,0.3023081223169963,0.0076756374910473,0.03566399162066292
6600000,5528,2022-11-26,130,17,['#YourShotPhotographer'],0,0,0,0,1,0,0,0,0.3167483806610107,0.0066634211689233,0.008496580928463289
6600000,22392,2022-11-25,131,17,"['#yourshotphotographer', '#florida']",0,0,0,0,1,0,0,0,0.3151326179504394,0.0061323619447648,0.0044686587495970116
6600000,14919,2022-11-24,132,17,"['#YourShotPhotographer', '#Aerial', '#Photography', '#Oregon', '#ThreeSisters']",0,0,0,0,1,0,0,0,0.3146715760231018,0.0066193751990795,0.12266473675436644
6600000,14919,2022-11-24,132,17,"['#YourShotPhotographer', '#Aerial', '#Photography', '#Oregon', '#ThreeSisters']",0,0,0,0,1,0,0,0,0.3133325179417928,0.0066812671720981,0.09219733349806229
6600000,31073,2022-11-23,133,17,"['#YourShotPhotographer', '#dolomites', '#dolomiten', '#dolomiti', '#Sassolungo']",0,0,0,0,1,0,0,0,0.3165376385052998,0.0057772723957896,0.0673491635977897
6600000,21247,2022-11-22,134,17,"['#flyingfox', '#fruitbat', '#climatechange', '#heatstress', '#YourShotPhotographer']",0,0,0,0,1,0,0,0,0.3215659459431966,0.0054173460230231,0.22495185701278353
6600000,21247,2022-11-22,134,17,"['#flyingfox', '#fruitbat', '#climatechange', '#heatstress', '#YourShotPhotographer']",0,0,0,0,1,0,0,0,0.3151112000147502,0.0061092651449143,0.12589847728309372
6600000,21247,2022-11-22,134,17,"['#flyingfox', '#fruitbat', '#climatechange', '#heatstress', '#YourShotPhotographer']",0,0,0,0,1,0,0,0,0.3246634801228841,0.0048432648181915,0.01517430071015258
6600000,21247,2022-11-22,134,17,"['#flyingfox', '#fruitbat', '#climatechange', '#heatstress', '#YourShotPhotographer']",0,0,0,0,1,0,0,0,0.3215868671735127,0.0053721438162028,0.2901543346195215
6600000,21817,2022-11-20,136,17,"['#yourshotphotographer', '#Sydney', '#Australia', '#sunset']",0,0,0,0,1,0,0,0,0.3066162268320719,0.0090770563110709,0.0055116481956594705
6600000,49885,2022-11-19,137,17,['#YourShotPhotographer'],0,0,0,0,0,0,1,0,0.3272304932276408,0.0046142046339809,0.004011659989831643
6600000,16565,2022-11-18,138,17,['#yourshotphotographer'],0,0,0,0,1,0,0,0,0.3075014352798462,0.0089843869209289,0.1550159459474856
6600000,129441,2022-11-18,139,2,['#YourShotPhotographer'],0,0,0,0,1,0,0,0,0.2781411409378052,0.0126934750005602,0.051574451125680404
6600000,129441,2022-11-18,139,2,['#YourShotPhotographer'],0,0,0,0,1,0,0,0,0.2785711487134297,0.0133679704740643,0.047596577624064114
6600000,31282,2022-11-16,140,17,['#YourShotPhotographer'],0,0,0,0,1,0,0,0,0.2909646034240722,0.0100372098386287,0.0939769952835376
6600000,11751,2022-11-15,141,17,"['#ArcticBay', '#Nunavut', '#YourShotPhotographer']",0,0,0,0,0,0,1,0,0.3160711725552876,0.0062224236316978,0.052211571584950454
6600000,29415,2022-11-13,143,17,"['#YourShotPhotographer', '#Hokkaido', '#Fox']",0,0,0,0,0,0,1,0,0.3144299189249674,0.0058905612677335,0.009415629367561006
6600000,30726,2022-11-12,144,17,"['#YourShotPhotographer', '#Tree', '#Rügen', '#Germany']",0,0,0,0,0,0,0,0,0.3218830029169718,0.0070838667452335,0.7043305099816723
6600000,30726,2022-11-12,144,17,"['#YourShotPhotographer', '#Tree', '#Rügen', '#Germany']",0,0,0,0,0,0,0,0,0.2986313303311665,0.0215224660933017,0.2961821776413301
6600000,6641,2022-11-11,145,19,['#YourShotPhotographer'],0,0,0,0,1,0,0,0,0.315894862016042,0.0058942232280969,0.06629318644603899
6600000,12836,2022-11-10,146,17,['#YourShotPhotographer'],0,0,0,0,1,0,0,0,0.2934639453887939,0.0166502650827169,0.07442041599187495
6600000,12836,2022-11-10,146,17,['#YourShotPhotographer'],0,0,0,0,1,0,0,0,0.2709985971450805,0.0202222149819135,0.04828458936036235
6600000,14501,2022-11-09,147,17,['#YourShotPhotographer'],0,0,0,0,0,0,1,0,0.3079141775767008,0.0141603164374828,0.029687366272795893
6600000,13403,2022-11-08,148,17,"['#YourShotPhotographer', '#Taiwan', '#Taipei']",0,0,0,0,1,0,0,0,0.3231733043988545,0.0051040356047451,0.049655313564553515
6600000,13806,2022-11-07,149,17,['#YourShotPhotographer'],0,0,0,0,0,0,1,0,0.2900879780451457,0.0134676042944192,0.02074976264343569
6600000,10176,2022-11-06,150,17,['#YourShotPhotographer'],0,0,0,0,0,0,1,0,0.2649711966514587,0.0251972954720258,0.0888754631059707
6600000,16995,2022-11-05,151,16,"['#YourShotPhotographer', '#MonarchButterfly', '#MonarchCaterpillar', '#Wildlife', '#Milkweed']",0,0,0,0,1,0,0,0,0.321100393931071,0.0075792595744132,0.006056923737992628
6600000,38770,2022-11-04,152,16,[],0,0,0,0,1,0,0,0,0.2682515780131022,0.0234057493507862,0.0044283664429356365
6600000,32786,2022-11-03,153,16,"['#yourshotphotographer', '#aerial', '#glitter', '#sea', '#travel']",0,0,0,0,0,0,1,0,0.3077253500620524,0.007353579159826,1.0
6600000,14495,2022-10-30,157,16,"['#YourShotPhotographer', '#city', '#birds', '#sky', '#pov']",0,0,0,0,0,0,1,0,0.3266955614089966,0.0050824056379497,0.05774974593303942
6600000,25964,2022-10-29,158,16,"['#marmot', '#wildflowers', '#YourShotPhotographer']",0,0,0,0,1,0,0,0,0.3245416680971781,0.0048109865747392,0.06559615569038853
6600000,20648,2022-10-28,159,16,"['#yourshotphotographer', '#tree', '#fineartphotography', '#nature', '#mobilephoto']",0,0,0,0,0,0,1,0,0.3297793269157409,0.0043773814104497,0.9747455032909286
6600000,9680,2022-10-27,160,16,"['#YourShotPhotographer', '#rwanda', '#foodforest']",0,0,0,0,1,0,0,0,0.3075726826985677,0.0071152248419821,0.039792709864253484
6600000,9680,2022-10-27,160,16,"['#YourShotPhotographer', '#rwanda', '#foodforest']",0,0,0,0,1,0,0,0,0.2743077874183655,0.0246965046972036,0.04591993911004909
6600000,8588,2022-10-26,161,16,['#YourShotPhotographer'],0,0,0,0,1,0,0,0,0.2847549716631571,0.0131520265713334,0.0002631661892097376
6600000,10892,2022-10-25,162,16,"['#YourShotPhotographer', '#oman']",0,0,0,0,0,1,0,0,0.3277933001518249,0.0044867983087897,0.09305978450108868
6600000,6768,2022-10-24,163,16,"['#YourShotPhotographer', '#Japan']",0,0,0,0,0,1,0,0,0.301282266775767,0.0095282271504402,0.07836481738442806
6600000,19700,2022-10-23,164,16,"['#YourShotPhotographer', '#India']",0,0,0,0,0,0,0,0,0.2618019580841064,0.0238486342132091,0.08678380649582318
6600000,43694,2022-10-22,165,21,"['#YourShotPhotographer', '#reflections', '#water', '#city', '#abstract']",0,0,0,0,0,0,1,0,0.3161055048306783,0.0065185036510229,0.02720936557627375
6600000,8645,2022-10-22,166,16,"['#MakeADogsDay.', '#MakeADogsDay.', '#MakeADogsDay']",0,0,0,0,0,0,0,0,0.3194869756698608,0.0062064486555755,0.012685508591324508
6600000,12111,2022-10-22,167,13,"['#MakeADogsDay.', '#MakeADogsDay.', '#MakeADogsDay']",0,0,0,0,1,0,0,0,0.3276133139928182,0.0050426074303686,0.007458853774416371
6600000,20971,2022-10-21,168,18,['#YourShotPhotographer'],0,0,0,0,0,0,1,0,0.3175120751063029,0.0056661423295736,0.06028190376166966
6600000,6364,2022-10-21,169,13,"['#MakeADogsDay.', '#MakeADogsDay.', '#MakeADogsDay']",0,0,0,0,0,1,0,0,0.3308926026026408,0.0042757019400596,0.2727295256344833
6600000,11050,2022-10-21,170,2,"['#YourShotPhotographer', '#MalvinaReynolds', '#LittleBoxes', '#DalyCity', '#Aerial']",0,0,0,0,1,0,0,0,0.299625039100647,0.0087669286876916,0.05311742945009143
6600000,11204,2022-10-20,171,13,"['#MakeADogsDay.', '#MakeADogsDay.', '#MakeADogsDay']",0,0,0,0,1,0,0,0,0.3312959472338359,0.0041259648278355,0.016239478892099042
6600000,7801,2022-10-19,172,16,"['#MakeADogsDay.', '#MakeADogsDay.', '#MakeADogsDay']",0,0,0,0,0,1,0,0,0.3249437014261881,0.0049014273099601,0.04172867867201933
6600000,10126,2022-10-19,173,13,"['#MakeADogsDay.', '#MakeADogsDay.', '#MakeADogsDay']",0,0,0,0,0,0,1,0,0.3185256918271382,0.0061656199395656,0.08213916433480122
6600000,14264,2022-10-18,174,16,['#yourshotphotographer'],0,0,0,0,1,0,0,0,0.3048456907272339,0.0076547875069081,0.05913451197151767
6600000,6943,2022-10-16,176,16,['#YourShotPhotographer'],0,0,0,0,1,0,0,0,0.3014329473177592,0.0102450344711542,0.0737572379430522
6600000,35277,2022-10-15,178,13,['#YourShotPhotographer'],0,0,0,0,0,0,1,0,0.3195019364356994,0.0054005365818738,0.014797490220972598
6600000,21204,2022-10-14,180,16,"['#YourShotPhotographer', '#NatGeo', '#QuyNhon', '#Vietnam']",0,0,0,0,0,1,0,0,0.311261514822642,0.006551026366651,0.10147283292884651
6600000,9830,2022-10-13,182,16,"['#ochreseastar', '#Oregoncoast', '#YourShotPhotographer']",0,0,0,0,1,0,0,0,0.3291233777999878,0.0043480573222041,0.06787724129268545
6600000,19183,2022-10-12,183,16,['#YourShotPhotographer'],0,0,0,0,1,0,0,0,0.3135591944058736,0.0079352129250764,0.011634726764557526
6600000,20125,2022-10-11,184,16,['#YourShotPhotographer'],0,0,0,0,0,1,0,0,0.2599133054415385,0.0202871784567832,0.00302280813861915
6600000,16734,2022-10-10,185,16,"['#YourShotPhotographer', '#polarbear']",0,0,0,0,0,0,1,0,0.2732041676839192,0.0155376344919204,0.03335930906936826
6600000,10858,2022-10-09,186,16,"['#YourShotPhotographer', '#streetphotography', '#blackandwhitephotograph']",0,0,0,0,0,0,0,0,0.3236745397249858,0.0054721245542168,0.0061325010800142975
6600000,11368,2022-10-08,187,16,['#YourShotPhotographer'],0,0,0,0,0,0,1,0,0.3118234872817993,0.0086499108001589,0.02932477428836708
6600000,9389,2022-10-07,188,16,['#YourShotPhotographer'],0,0,0,0,0,1,0,0,0.3109920819600423,0.0062672169879078,0.08048320020361255
6600000,6813,2022-10-06,189,19,[],0,0,0,0,0,0,1,0,0.2819403807322184,0.0157020706683397,0.001168230334283255
6600000,6813,2022-10-06,189,19,[],0,0,0,0,0,0,1,0,0.3024907906850179,0.0090965116396546,0.0035526746636662418
6600000,13907,2022-10-06,190,16,"['#yourshotphotographer', '#Australia', '#Sydney', '#sunset']",0,0,0,0,1,0,0,0,0.310021420319875,0.0074045290239155,0.06419986381279184
6600000,21864,2022-10-05,191,16,['#YourShotPhotographer'],0,0,0,0,1,0,0,0,0.2621774276097615,0.0144084962084889,0.0011033586286341174
6600000,32109,2022-10-04,192,16,"['#YourShotPhotographer', '#SpiderWeb', '#web', '#backlight']",0,0,0,0,0,1,0,0,0.2739444176355998,0.019507335498929,0.2875373468613673
6600000,15874,2022-10-03,193,21,"['#YourShotPhotographer', '#sunset', '#silhouette', '#people', '#goldenhour']",0,0,0,0,1,0,0,0,0.2223045229911804,0.1461765468120575,0.0007538185067767153
6600000,56397,2022-10-02,194,16,['#YourShotPhotographer'],0,0,0,0,1,0,0,0,0.1628740032513936,0.289883941411972,0.008193420194920033
6600000,8191,2022-10-01,195,16,"['#YourShotPhotographer', '#LosAngeles', '#California', '#aerial', '#photography']",0,0,0,0,1,0,0,0,0.2667333682378133,0.0190069247037172,0.06450486154957033
6600000,8779,2022-09-30,196,16,"['#YourShotPhotographer', '#AguaCalienteIndianReservation']",0,0,0,0,1,0,0,0,0.3215714693069458,0.0056540411897003,0.01004581583976007
6600000,8779,2022-09-30,196,16,"['#YourShotPhotographer', '#AguaCalienteIndianReservation']",0,0,0,0,1,0,0,0,0.31392236550649,0.0062334984540939,0.013672227727512665
6600000,30972,2022-09-29,197,16,['#YourShotPhotographer'],0,0,0,0,1,0,0,0,0.2909646034240722,0.0100372098386287,0.0939769952835376
6600000,10456,2022-09-28,198,21,"['#YourShotPhotographer', '#MonarchButterfly', '#MonarchCaterpillar', '#Wildlife', '#Milkweed']",0,0,0,0,1,0,0,0,0.3173564076423645,0.0058029368519783,0.00711177750111625
6600000,11353,2022-09-28,199,16,"['#yourshotphotographer', '#Australia', '#fog', '#nature', '#valley']",0,0,0,0,0,0,1,0,0.2781848907470703,0.0110054593533277,0.0005693647716613978
6600000,14409,2022-09-27,200,21,"['#YourShotPhotographer', '#summer', '#beach', '#spain']",0,0,0,0,0,0,1,0,0.3190769950548808,0.0055636428296566,0.050617823757888133
6600000,12008,2022-09-27,201,16,"['#YourShotPhotographer', '#oman']",0,0,0,0,1,0,0,0,0.3202880223592122,0.0057924063876271,0.06437005818657121
6600000,63871,2022-09-26,202,21,['#YourShotPhotographer'],0,0,0,0,1,0,0,0,0.2925825119018554,0.013181148096919,0.003382499680204739
6600000,16030,2022-09-26,203,16,['#YourShotPhotographer'],0,0,0,0,0,0,1,0,0.3240225513776143,0.0051069436594843,0.004492059387260631
6600000,23398,2022-09-25,204,21,['#YourShotPhotographer'],0,0,0,0,1,0,0,0,0.2964047988255818,0.0093507962301373,0.04273162652439247
6600000,14191,2022-09-25,205,16,"['#YourShotPhotographer', '#Nunavut', '#polarbears', '#seaice']",0,0,0,0,0,0,1,0,0.2865785360336303,0.0102208228781819,0.048345963125711676
6600000,20650,2022-09-24,206,21,['#YourShotPhotographer'],0,0,0,0,1,0,0,0,0.3105735182762146,0.0074520092457532,0.03681326685790196
6600000,10155,2022-09-24,207,16,"['#commonmurre', '#oregoncoast', '#YourShotPhotographer']",0,0,0,0,1,0,0,0,0.309981107711792,0.0083492957055568,0.19794129658582457
6600000,11683,2022-09-23,208,21,"['#yourshotphotographer', '#venice', '#seasons', '#nature', '#landscape']",0,0,0,0,1,0,0,0,0.2846093972524007,0.0125818643718957,0.04920741560776444
6600000,54989,2022-09-23,209,16,"['#YourShotPhotographer', '#Hokkaido', '#Fox']",0,0,0,0,1,0,0,0,0.3191611369450887,0.0055288756266236,0.1679518349478778
6600000,13335,2022-09-22,210,21,['#YourShotPhotographer'],0,0,0,0,1,0,0,0,0.3077767888704936,0.0068447971716523,0.0074402688284691395
6600000,14050,2022-09-22,211,16,"['#YourShotPhotographer', '#Svalbard']",0,0,0,0,0,0,1,0,0.3162999153137207,0.0057292385026812,0.007100794378122271
6600000,9103,2022-09-21,212,21,"['#YourShotPhotographer', '#streetphotographer', '#blackandwhitephotography']",0,0,0,0,0,0,0,0,0.3067334095637004,0.0090242493897676,0.016035077635673387
6600000,8620,2022-09-21,213,16,"['#YourShotPhotographer', '#LakeGarda', '#road', '#LagoDiGarda', '#Italy']",0,0,0,0,0,1,0,0,0.3294145862261454,0.0044213850051164,0.20190188945905702
6600000,13639,2022-09-20,214,21,"['#YourShotPhotographer', '#Japan', '#macaque']",0,0,0,0,1,0,0,0,0.3232816259066264,0.0051908995956182,0.012630852448490878
6600000,5655,2022-09-20,215,16,"['#YourShotPhotographer', '#Taiwan', '#Taipei']",0,0,0,0,1,0,0,0,0.3169153531392415,0.0060041425749659,0.06592845876386064
6600000,12162,2022-09-19,216,21,"['#YourShotPhotographer', '#bayaweaver', '#art', '#silhouettes', '#composition']",0,0,0,0,1,0,0,0,0.2976506948471069,0.022361546754837,0.034163372060189365
6600000,12162,2022-09-19,216,21,"['#YourShotPhotographer', '#bayaweaver', '#art', '#silhouettes', '#composition']",0,0,0,0,1,0,0,0,0.2944183150927226,0.0238581001758575,0.0472384082294611
6600000,24283,2022-09-19,217,16,"['#YourShotPhotographer', '#people', '#blackandwhite', '#portrait', '#creative']",0,0,0,0,0,0,0,0,0.2347894708315531,0.1588382273912429,0.01226644138418276
6600000,13317,2022-09-18,218,21,['#YourShotPhotographer'],0,0,0,0,0,0,1,0,0.3293007016181946,0.0044778902083635,0.13541654801346353
6600000,16032,2022-09-18,219,16,['#YourShotPhotographer'],0,0,0,0,0,0,1,0,0.2865590850512187,0.0227818470448255,0.03429229341976794
6600000,17063,2022-09-17,220,21,"['#YourShotPhotographer', '#sado', '#Yamato']",0,0,0,0,0,0,1,0,0.2992491722106933,0.0232292339205741,0.006279504665717673
6600000,13438,2022-09-17,221,16,"['#YourShotPhotographer', '#NavajoMountain', '#NavajoNation', '#Aerial', '#Photography']",0,0,0,0,1,0,0,0,0.2937496701876322,0.0090516321361064,0.005714411900987622
6600000,13438,2022-09-17,221,16,"['#YourShotPhotographer', '#NavajoMountain', '#NavajoNation', '#Aerial', '#Photography']",0,0,0,0,1,0,0,0,0.2997147440910339,0.007746725808829,0.011154583902381512
6600000,14250,2022-09-16,222,21,"['#YourShotPhotographer', '#monarchbutterfly']",0,0,0,0,0,1,0,0,0.3249862392743428,0.0047942544333636,0.0077109326466859585
6600000,15414,2022-09-16,223,16,[],0,0,0,0,0,0,1,0,0.2743894656499226,0.0137624852359294,0.0008055036460346554
6600000,25742,2022-09-15,224,21,"['#YourShotPhotographer', '#Wildlife', '#RedFox']",0,0,0,0,1,0,0,0,0.3000418543815613,0.0096209030598402,0.07535798771955884
6600000,12536,2022-09-15,225,16,"['#yourshotphotographer', '#Sydney', '#fullmoon', '#beach']",0,0,0,0,0,0,1,0,0.2998359600702922,0.0081276716664433,0.007822268150387189
6600000,28442,2022-09-14,226,21,['#YourShotPhotographer'],0,0,0,0,1,0,0,0,0.2940321365992228,0.0092379217967391,0.03725980451833387
6600000,9309,2022-09-14,227,16,"['#YourShotPhotographer', '#Oman']",0,0,0,0,1,0,0,0,0.3277360995610555,0.0045718802139163,0.18843472664095487
6600000,16335,2022-09-13,228,21,['#YourShotPhotographer'],0,0,0,0,0,1,0,0,0.3241141239802043,0.0050755348056554,0.030112431329888327
6600000,12548,2022-09-13,229,16,"['#yourshotphotographer', '#henna']",0,0,0,0,0,0,0,0,0.309617559115092,0.0084763094782829,0.007226400413279617
6600000,12548,2022-09-13,229,16,"['#yourshotphotographer', '#henna']",0,0,0,0,1,0,0,0,0.307557741800944,0.0084031308069825,0.002119053204093756
6600000,12548,2022-09-13,229,16,"['#yourshotphotographer', '#henna']",0,0,0,0,0,0,0,0,0.321213146050771,0.0055648763664066,0.021360470117730613
6600000,12548,2022-09-13,229,16,"['#yourshotphotographer', '#henna']",0,0,0,0,1,0,0,0,0.3231282234191894,0.0050085317343473,0.011106985572543073
6600000,6009,2022-09-12,230,16,['#YourShotPhotographer'],0,0,0,0,1,0,0,0,0.2722898920377095,0.0226487815380096,0.05288209816246925
6600000,11488,2022-09-11,231,21,['#YourShotPhotographer'],0,0,0,0,0,0,0,0,0.2989935477574666,0.0117839723825454,0.015314040684098388
6600000,39557,2022-09-11,232,16,['#YourShotPhotographer'],0,0,0,0,0,0,1,0,0.3260589838027954,0.005523657426238,0.07457658711431418
6600000,32710,2022-09-10,233,21,"['#CannonBeach', '#FeralBunny', '#YourShotPhotographer']",0,0,0,0,0,1,0,0,0.2153119643529256,0.1661819517612457,0.033250485743416915
6600000,17163,2022-09-10,234,16,"['#Nunavut', '#Canada', '#YourShotPhotographer']",0,0,0,0,0,0,1,0,0.3160979350407918,0.0057527357712388,0.006804504069378448
6600000,8268,2022-09-09,235,21,"['#YourShotPhotographer', '#India']",0,0,0,0,1,0,0,0,0.3025442759195964,0.0083912722766399,0.23545000175059796
6600000,8268,2022-09-09,235,21,"['#YourShotPhotographer', '#India']",0,0,0,0,1,0,0,0,0.2981987595558166,0.0084527172148227,0.059457139012245565
6600000,32670,2022-09-08,237,21,"['#YourShotPhotographer', '#Trees', '#Germany', '#Rügen']",0,0,0,0,0,0,0,0,0.3255184491475423,0.0054524675942957,0.9080924302261326
6600000,8322,2022-09-08,238,16,"['#YourShotPhotographer', '#Utah']",0,0,0,0,0,0,1,0,0.3012744784355163,0.0079160276800394,0.0031528084636705278
6600000,7635,2022-09-06,239,21,"['#YourShotPhotographer', '#BrownBear', '#Alaska']",0,0,0,0,1,0,0,0,0.3194606304168701,0.005918092560023,0.12158333285014562
6600000,7740,2022-09-06,240,16,"['#YourShotPhotographer', '#silhouette', '#rainbow', '#color', '#spectrum']",0,0,0,0,0,1,0,0,0.2292554974555969,0.1662673652172088,0.0012858984270264987
6600000,19001,2022-09-05,241,21,"['#YourShotPhotographer', '#birds', '#Indianpeafowl', '#phototips', '#birdphotography']",0,0,0,0,1,0,0,0,0.2789176106452942,0.0113327717408537,0.003185188405740492
6600000,19771,2022-09-05,242,16,['#YourShotPhotographer'],0,0,0,0,0,0,1,0,0.3133203188578288,0.0062515372410416,0.035551102327577
6600000,7804,2022-09-04,243,21,"['#YourShotPhotographer', '#Mikurajima', '#Dolphins']",0,0,0,0,0,0,1,0,0.3092865347862243,0.0082216635346412,0.01503217087514097
6600000,18017,2022-09-04,244,16,['#YourShotPhotographer'],0,0,0,0,0,0,1,0,0.3052930037180583,0.0095536680892109,0.09544193969441024
6600000,7466,2022-09-03,245,21,"['#YourShotPhotographer', '#kestrel', '#nankeen', '#birdphotography']",0,0,0,0,1,0,0,0,0.0524316976467768,0.704690158367157,0.002092409110944276
6600000,4935,2022-09-03,246,16,"['#YourShotPhotographer', '#Taipei', '#Taiwan', '#construction', '#workers']",0,0,0,0,0,0,1,0,0.3196249008178711,0.0056758094578981,0.07034141564520405
6600000,36435,2022-09-02,247,21,['#YourShotPhotographer'],0,0,0,0,0,0,1,0,0.1953104535738627,0.1420639008283615,0.15239141535821377
6600000,7461,2022-09-02,248,16,"['#YourShotPhotographer', '#lagoons']",0,0,0,0,0,1,0,0,0.3274621764818827,0.0045745931565761,0.028990843070737935
6600000,12403,2022-09-01,249,21,"['#YourShotPhotographer', '#RedSquirrel', '#Squirrel', '#Wildlife']",0,0,0,0,1,0,0,0,0.3034008741378784,0.0078899022191762,0.12650063338552686
6600000,15007,2022-09-01,250,16,"['#yourshotphotographer', '#Australia', '#fog', '#nature', '#valley']",0,0,0,0,0,0,1,0,0.3182566960652669,0.0054172333329916,0.017474901369676662
6600000,45785,2022-08-31,251,21,"['#YourShotPhotographer', '#Hokkaido', '#Owl']",0,0,0,0,1,0,0,0,0.3158534566561381,0.0057096504606306,0.37520016139167345
6600000,17783,2022-08-31,252,17,"['#YourShotPhotographer', '#HongKong', '#HungHom', '#Whampoa', '#Aerial']",0,0,0,0,1,0,0,0,0.3237785895665486,0.0049204844981431,0.12153035175897828
6600000,11496,2022-08-30,253,21,['#YourShotPhotographer'],0,0,0,0,1,0,0,0,0.3072423140207926,0.0069172671064734,0.026893367457478664
6600000,8069,2022-08-30,254,16,['#YourShotPhotographer'],0,0,0,0,1,0,0,0,0.3252332210540771,0.0050139818340539,0.020251402427861925
6600000,11173,2022-08-29,255,21,"['#YourShotPhotographer', '#oman', '#whale']",0,0,0,0,0,0,1,0,0.2684767444928487,0.0153807755559682,0.025482031011991767
6600000,9009,2022-08-29,256,16,"['#yourshotphotographer', '#spain']",0,0,0,0,1,0,0,0,0.307200272878011,0.0084428871050477,0.07224795782746052
6600000,16134,2022-08-28,257,21,"['#YourShotPhotographer', '#RedFox', '#VulpesVulpes']",0,0,0,0,0,1,0,0,0.3004505236943562,0.0083220768719911,0.005011065230279854
6600000,26293,2022-08-28,258,16,['#YourShotPhotographer'],0,0,0,0,1,0,0,0,0.2993207772572835,0.0086819501593709,0.04668297387260568
6600000,12885,2022-08-27,259,21,['#YourShotPhotographer'],0,0,0,0,0,0,1,0,0.2831239501635234,0.0152724757790565,0.019937749958014023
6600000,10603,2022-08-27,260,16,"['#YourShotPhotographer', '#meadow', '#wildflower', '#summer']",0,0,0,0,0,0,1,0,0.3158433039983113,0.0059277117252349,0.08504091856648502
6600000,52924,2022-08-26,261,16,"['#YourShotPhotographer', '#California', '#tree']",0,0,0,0,0,0,1,0,0.3256074388821919,0.0046554170548915,0.10253625253790899
6600000,18615,2022-08-25,262,21,"['#YourShotPhotographer', '#Indianpeafowl', '#bluehour', '#composition', '#birdphotography']",0,0,0,0,0,0,1,0,0.3114047447840373,0.0065086390823125,0.01996634718928158
6600000,22627,2022-08-25,263,16,"['#YourShotPhotographer', '#Vietnam', '#Tradition', '#BnW']",0,0,0,0,0,0,0,0,0.2817177375157674,0.0277574360370636,0.08792665406053612
6600000,14037,2022-08-24,264,21,"['#BobcatKittens', '#CaliforniaWildlife', '#YourShotPhotographer']",0,0,0,0,0,1,0,0,0.3101221720377604,0.0065435813739895,0.10737954383452102
6600000,28610,2022-08-24,265,16,[],0,0,0,0,1,0,0,0,0.3174784183502197,0.0055743125267326,0.05463379722966505
6600000,15729,2022-08-23,266,21,[],0,0,0,0,0,0,1,0,0.2983014583587646,0.0074571212753653,0.004447063513906907
6600000,14667,2022-08-23,267,16,['#YourShotPhotographer'],0,0,0,0,0,0,1,0,0.3203324278195699,0.0070876823738217,0.09338204772385314
6600000,13760,2022-08-22,268,21,"['#YourShotPhotographer', '#lynx', '#Alaska']",0,0,0,0,0,1,0,0,0.3054002126057942,0.0070345383137464,0.054555470221532475
6600000,13760,2022-08-22,268,21,"['#YourShotPhotographer', '#lynx', '#Alaska']",0,0,0,0,0,1,0,0,0.311160405476888,0.0063420329242944,0.050928576486793435
6600000,14061,2022-08-22,269,16,"['#YourShotPhotographer', '#SaoMiguelIsland', '#Azores', '#LakeofFire', '#Portugal']",0,0,0,0,0,1,0,0,0.3237385551134745,0.0049813836812973,0.0614934075747425
6600000,11463,2022-08-21,270,21,"['#Yourshotphotographer', '#Mikomoto']",0,0,0,0,0,0,1,0,0.3174180587132771,0.0072612296789884,0.06498635532960155
6600000,10371,2022-08-21,271,16,['#YourShotPhotographer'],0,0,0,0,0,0,1,0,0.3251947561899821,0.0047509442083537,0.07757296988722062
6600000,11220,2022-08-20,272,21,"['#YourShotPhotographer', '#BlackBear', '#Bear', '#Wildlife']",0,0,0,0,0,0,1,0,0.282030721505483,0.0124903852120041,0.02778437346921837
6600000,11032,2022-08-20,273,16,['#YourShotPhotographer'],0,0,0,0,1,0,0,0,0.2977466384569804,0.0095972977578639,0.15651663614993577
6600000,9292,2022-08-19,274,21,['#YourShotPhotographer'],0,0,0,0,0,0,1,0,0.2772067189216614,0.0263285357505083,0.0040253603645109565
6600000,11202,2022-08-19,275,16,"['#YourShotPhotographer', '#Mexico', '#Guanajuato']",0,0,0,0,1,0,0,0,0.3152001698811849,0.0070337066426873,0.12674206698404422
6600000,26806,2022-08-18,276,21,"['#YourShotPhotographer', '#Hokkaido', '#Fox']",0,0,0,0,1,0,0,0,0.3092226187388102,0.0072292913682758,0.11811562594294397
6600000,9917,2022-08-18,277,16,"['#YourShotPhotographer', '#macro', '#nature']",0,0,0,0,1,0,0,0,0.3312865495681762,0.0042009884491562,0.016947477539446313
6600000,6236,2022-08-17,278,21,"['#YourShotPhotographer', '#seaanemone']",0,0,0,0,1,0,0,0,0.3227482239405314,0.0047958493232727,0.03962177226716604
6600000,7678,2022-08-17,279,16,"['#YourShotPhotographer', '#DixieFire', '#California', '#Aerial', '#Photography']",0,0,0,0,1,0,0,0,0.3189039429028829,0.0058421739377081,0.8066890431136142
6600000,20668,2022-08-16,281,16,"['#yourshotphotographer', '#sydney', '#fog', '#shack']",0,0,0,0,1,0,0,0,0.3105200926462809,0.0068804915063083,0.05845946785439466
6600000,12584,2022-08-15,282,21,"['#YourShotPhotographer', '#nature', '#india', '#birds']",0,0,0,0,0,0,1,0,0.2791850964228312,0.0125875743106007,0.0029050039629749305
6600000,12584,2022-08-15,282,21,"['#YourShotPhotographer', '#nature', '#india', '#birds']",0,0,0,0,0,0,1,0,0.2656710942586263,0.0172827914357185,0.0023970029235245174
6600000,12584,2022-08-15,282,21,"['#YourShotPhotographer', '#nature', '#india', '#birds']",0,0,0,0,0,1,0,0,0.2894755005836487,0.0105954259634017,0.005182479449412016
6600000,12584,2022-08-15,282,21,"['#YourShotPhotographer', '#nature', '#india', '#birds']",0,0,0,0,0,1,0,0,0.2734808524449666,0.0152926025912165,0.0019219295651117356
6600000,8939,2022-08-15,283,16,['#YourShotPhotographer'],0,0,0,0,1,0,0,0,0.3003392219543457,0.0083517599850893,0.05469954083562777
6600000,13604,2022-08-14,284,21,[],0,0,0,0,1,0,0,0,0.2738882501920064,0.0138868298381567,0.09852763785447304
6600000,9212,2022-08-14,285,16,['#yourshotphotographer'],0,0,0,0,1,0,0,0,0.3166995843251546,0.005814729258418,0.09646527117802724
6600000,10990,2022-08-13,286,21,"['#YourShotPhotographer', '#Hokkaido', '#Deer']",0,0,0,0,1,0,0,0,0.3107365369796753,0.0091173704713583,0.03614657394622742
6600000,13067,2022-08-13,287,16,['#YourShotPhotographer'],1,0,0,0,1,0,0,0,0.30349862575531,0.0079260263592004,0.024669528604712197
6600000,26119,2022-08-12,288,21,['#YourShotPhotographer'],0,0,0,0,0,0,0,0,0.1496023734410604,0.3616969585418701,0.08692458516069454
6600000,12627,2022-08-12,289,16,['#YourShotPhotographer'],0,0,0,0,0,0,1,0,0.3115975062052409,0.0062396181747317,0.0030077716413959257
6600000,9866,2022-08-11,290,21,['#yourshotphotographer'],0,0,0,0,1,0,0,0,0.2654756307601928,0.0144880088046193,0.001969633422864544
6600000,16923,2022-08-11,291,16,['#YourShotPhotographer'],0,0,0,0,1,0,0,0,0.2973837455113728,0.0081004770472645,0.04748130507292593
6600000,45339,2022-08-10,292,21,['#YourShotPhotographer.'],0,0,0,0,1,0,0,0,0.2869288921356201,0.033615730702877,0.28141582390112363
6600000,11269,2022-08-10,293,18,['#YourShotPhotographer'],0,0,0,0,0,1,0,0,0.3035894234975179,0.0076550585217773,0.11333959626300637
6600000,54858,2022-08-10,294,16,['#YourShotPhotographer'],0,0,0,0,0,0,1,0,0.3144126733144124,0.0085681686177849,0.010943674990627256
6600000,12329,2022-08-09,295,21,"['#YourShotPhotographer', '#Bison', '#Conservation']",0,0,0,0,1,0,0,0,0.2822274565696716,0.0109756831079721,0.014288498726936279
6600000,14171,2022-08-09,296,16,"['#YourShotPhotographer', '#HaGiang', '#Vietnam']",0,0,0,0,0,1,0,0,0.2989601492881775,0.0081668896600604,0.08624066045322384
6600000,13850,2022-08-08,297,21,"['#yourshotphotographer', '#venice', '#travel', '#fineartphotography', '#architecture']",0,0,0,0,1,0,0,0,0.2212658921877543,0.082717165350914,0.15531580410605889
6600000,19426,2022-08-07,299,21,"['#YourShotPhotographer', '#flamingo']",0,0,0,0,1,0,0,0,0.322309950987498,0.0053998874500393,0.011167747040423497
6600000,14904,2022-08-07,300,16,"['#YourShotPhotographer', '#California', '#EurekaSandDunes', '#Aerial', '#Photography']",0,0,0,0,1,0,0,0,0.3141932487487793,0.0057370928116142,0.007653465656702531
6600000,11118,2022-08-06,301,21,"['#YourShotPhotographer', '#india']",1,0,0,0,1,0,0,0,0.3119246363639831,0.0068548051640391,0.035425738001237855
6600000,8322,2022-08-06,302,16,"['#yourshotphotographer', '#Catalonia', '#Catalunya', '#cala']",0,0,0,0,0,1,0,0,0.3240057229995727,0.0052737575024366,0.08044948141009452
6600000,14580,2022-08-05,303,21,"['#YourShotPhotographer', '#Ishigakijima', '#anemonefish']",0,0,0,0,0,0,1,0,0.2549762527147929,0.0200146790593862,0.0005611841427454352
6600000,33586,2022-08-05,304,16,['#YourShotPhotographer.'],0,0,0,0,0,0,1,0,0.3148074150085449,0.0061921160668134,0.22447581021223537
6600000,11500,2022-08-04,305,21,"['#YourShotPhotographer', '#RajajiTigerReserve', '#tortoise', '#salforesttortoise', '#endangered']",0,0,0,0,0,1,0,0,0.3109771013259887,0.0064976066350936,0.013775100742392861
6600000,19033,2022-08-04,306,16,"['#YourShotPhotographer', '#tulips', '#flowers', '#spring', '#blackandwhite']",0,0,0,0,0,0,0,0,0.305032213528951,0.0086609805002808,0.001908953902715446
6600000,11289,2022-08-03,307,21,['#YourShotPhotographer'],0,0,0,0,1,0,0,0,0.3133657375971476,0.0062897601164877,0.03435252985768594
6600000,11289,2022-08-03,307,21,['#YourShotPhotographer'],0,0,0,0,1,0,0,0,0.3208519220352173,0.005199990235269,0.040268260478880595
6600000,41018,2022-08-03,308,16,['#YourShotPhotographer.'],0,0,0,0,0,0,1,0,0.3220687707265218,0.0054348390549421,0.07884852109114417
6600000,9856,2022-08-02,309,21,"['#yourshotphotographer', '#Sydney', '#cormorant', '#bird']",0,0,0,0,0,0,1,0,0.3029303948084513,0.0082956496626138,0.0038318610872342175
6600000,28722,2022-08-01,311,21,['#YourShotPhotographer.'],0,0,0,0,0,0,1,0,0.2703176736831665,0.0626226589083671,0.00924557154691341
6600000,20861,2022-08-01,312,16,"['#YourShotPhotographer', '#Oman', '#desert']",0,0,0,0,1,0,0,0,0.3095890283584595,0.0069687492214143,0.0065877758404837535
6600000,22712,2022-07-31,313,21,[],0,0,0,0,0,0,0,0,0.2002987265586853,0.2348067909479141,0.010314701395832163
6600000,32385,2022-07-31,314,16,"['#Yourshotphotographer', '#sealions', '#californiawildlife']",0,0,0,0,1,0,0,0,0.319798191388448,0.0051960698328912,0.053939451080520805
6600000,9023,2022-07-30,315,21,['#yourshotphotographer'],0,0,0,0,1,0,0,0,0.3081687291463216,0.0067094024270772,0.043773570393000324
6600000,14294,2022-07-30,316,16,['#yourshotphotographer'],0,0,0,0,1,0,0,0,0.2988628149032593,0.0105192996561527,0.00827851122110542
6600000,11969,2022-07-29,317,21,['#YourShotPhotographer.'],0,0,0,0,0,1,0,0,0.2740935881932576,0.0601016841828823,0.0062252213740270216
6600000,5797,2022-07-29,318,16,"['#YourShotPhotographer', '#aerialphotography', '#saltpan', '#cattlestation']",0,0,0,0,1,0,0,0,0.2368972698847452,0.0289655197411775,0.11026243700351525
6600000,10174,2022-07-28,319,21,"['#YourShotPhotographer', '#BrownBear', '#Alaska']",0,0,0,0,1,0,0,0,0.2969823678334554,0.0141784343868494,0.032570198715387515
6600000,14187,2022-07-28,320,16,"['#YourShotPhotographer', '#RaccoonDog']",0,0,0,0,1,0,0,0,0.2718889117240906,0.0153868347406387,0.014596156388369403
6600000,9138,2022-07-27,321,21,['#YourShotPhotographer'],0,0,0,0,0,0,1,0,0.2857254544893901,0.0105075938627123,0.0021494631114223686
6600000,12825,2022-07-27,322,16,['#YourShotPhotographer.'],1,0,0,0,1,0,0,0,0.3113733530044555,0.007300532888621,0.011373642869484453
6600000,7233,2022-07-26,323,21,['#YourShotPhotographer'],0,0,0,0,1,0,0,0,0.309571623802185,0.0069366549141705,0.035995322135910245
6600000,16862,2022-07-26,324,16,"['#YourShotPhotographer', '#Nunavut', '#Canada']",0,0,0,0,0,1,0,0,0.3189254800478617,0.0057459599338471,0.07066129068665944
6600000,16195,2022-07-25,325,21,"['#YourShotPhotographer', '#insect', '#hoverfly']",0,0,0,0,1,0,0,0,0.320575475692749,0.007967866025865,0.004501509778402267
6600000,16837,2022-07-25,326,16,['#YourShotPhotographer.'],0,0,0,0,1,0,0,0,0.3296035726865132,0.004334423225373,0.07069382048994287
6600000,10957,2022-07-24,327,21,"['#YourShotPhotographer', '#California', '#aerial', '#photography']",0,0,0,0,0,1,0,0,0.2840956250826518,0.0135975275188684,0.03295502840262996
6600000,7536,2022-07-24,328,16,"['#bison', '#yellowstone', '#YourShotPhotographer']",0,0,0,0,0,0,1,0,0.3064006567001343,0.0078853480517864,0.11216649902386792
6600000,11587,2022-07-23,329,21,['#YourShotPhotographer'],0,0,0,0,0,0,0,0,0.3254826068878174,0.0049376459792256,0.04176063724573886
6600000,6751,2022-07-23,330,16,"['#YourShotPhotgrapher', '#Mikurajima', '#Dolphins']",0,0,0,0,0,0,1,0,0.3141188025474548,0.0074846241623163,0.008273358614712388
6600000,10996,2022-07-22,331,21,"['#YourShotPhotographer', '#patterns', '#fineartphotography', '#creative', '#stadium']",0,0,0,0,0,1,0,0,0.3057978749275207,0.0089828437194228,0.019571328039605942
6600000,21007,2022-07-22,332,16,"['#YourShotPhotographer', '#moth', '#macro', '#nature', '#wings']",0,0,0,0,0,1,0,0,0.3077098528544108,0.0081245163455605,0.09284427236571126
6600000,7068,2022-07-21,333,21,"['#YourShotPhotographer', '#Taiwan', '#guard', '#sunset', '#Xindian']",0,0,0,0,1,0,0,0,0.2886136174201965,0.0110261691734194,0.02019145794908801
6600000,8449,2022-07-21,334,16,['#YourShotPhotographer'],0,0,0,0,1,0,0,0,0.3010366559028625,0.0080225653946399,0.029928763050803123
6600000,8763,2022-07-20,335,22,"['#YourShotPhotographer', '#culture', '#india', '#art']",0,0,0,0,1,0,0,0,0.3099560936292012,0.0095185665413737,0.03830226994252372
6600000,8763,2022-07-20,335,22,"['#YourShotPhotographer', '#culture', '#india', '#art']",0,0,0,0,0,0,1,0,0.2678140799204508,0.0357119105756282,0.005958958996300053
6600000,8763,2022-07-20,335,22,"['#YourShotPhotographer', '#culture', '#india', '#art']",0,0,0,0,1,0,0,0,0.3238002061843872,0.0052312114275991,0.006412578698669159
6600000,7733,2022-07-20,336,21,"['#YourShotPhotographer', '#RoseBreastedGrosbeak', '#Grosbeak', '#Wildlife', '#Bird']",0,0,0,0,1,0,0,0,0.3193961977958679,0.0055850353091955,0.005948497567530946
6600000,10425,2022-07-19,337,21,"['#YourShotPhotographer', '#Dolomites', '#black&white', '#Dolomiten', '#Dolomiti']",0,0,0,0,0,0,0,0,0.2889910141626994,0.0180904623121023,0.06742217007494973
6600000,14582,2022-07-19,338,17,['#YourShotPhotographer'],0,0,0,0,0,0,1,0,0.2914302746454875,0.0196938551962375,0.0012443605120259068
6600000,20339,2022-07-18,339,20,['#YourShotPhotographer'],0,0,0,0,1,0,0,0,0.3204829295476277,0.0050170389004051,0.006856879986964687
6600000,9085,2022-07-17,341,21,"['#YourShotPhotographer', '#underwater']",0,0,0,0,0,0,0,0,0.2922170360883077,0.0117788510397076,0.0027280308021404047
6600000,9186,2022-07-17,342,16,"['#yourshotphotographer', '#Trollstigen', '#norway']",0,0,0,0,1,0,0,0,0.3106751441955566,0.0066565372981131,0.04410512385557421
6600000,6510,2022-07-16,343,21,['#yourshotphotographer'],0,0,0,0,0,0,1,0,0.2998518347740173,0.0094332564622163,0.007938711421020726
6600000,6222,2022-07-16,344,16,"['#YourShotPhotographer', '#LakeEyre', '#Australianpelican', '#pelican', '#bird']",0,0,0,0,1,0,0,0,0.294106125831604,0.0089459642767906,0.0055180772952226976
6600000,10070,2022-07-15,345,21,"['#YourShotPhotographer', '#oman', '#nizwa']",1,0,0,0,1,0,0,0,0.3158469200134277,0.0062841894105076,0.09689460569396052
6600000,8447,2022-07-15,346,16,['#yourshotphotographer'],0,0,0,0,1,0,0,0,0.2843734423319499,0.0113137038424611,0.05177049361132188
6600000,8447,2022-07-15,346,16,['#yourshotphotographer'],0,0,0,0,1,0,0,0,0.2805978854497273,0.0109529942274093,0.07548991191128379
6600000,35745,2022-07-14,347,21,['#YourShotPhotographer'],0,0,0,0,0,0,1,0,0.3206864992777506,0.0056910766288638,0.022713971403906685
6600000,18094,2022-07-14,348,16,"['#YourShotPhotographer', '#California', '#Aviation', '#Airport', '#Aerial']",0,0,0,0,1,0,0,0,0.3061537345250447,0.0068738432601094,0.11512606355972017
6600000,8651,2022-07-13,350,16,['#YourShotPhotographer'],0,0,0,0,0,0,0,0,0.326141873995463,0.0047381250187754,0.017016695907182224
6600000,9822,2022-07-12,351,21,['#YourShotPhotographer'],0,0,0,0,0,0,1,0,0.3067369858423869,0.0085584037005901,0.06488770136766656
6600000,4619,2022-07-12,352,16,['#YourShotPhotographer'],0,0,0,0,1,0,0,0,0.2979646523793538,0.0097529385238885,0.008984389307571977
6600000,16096,2022-07-11,353,21,['#YourShotPhotographer'],0,0,0,0,0,1,0,0,0.2884223858515422,0.0220088753849267,0.00034636087925880296
6600000,14700,2022-07-11,354,16,"['#YourShotPhotographer', '#feather', '#abstract', '#conceptual', '#macro']",0,0,0,0,1,0,0,0,0.2802669207255046,0.0191505681723356,0.03235927998727019
6600000,20836,2022-07-10,355,21,"['#PacificMarten', '#MountRainier', '#YourShotPhotographer']",0,0,0,0,0,1,0,0,0.3155891100565592,0.0058054691180586,0.017492112532769808
6600000,14401,2022-07-10,356,16,['#yourshotphotographer'],0,0,0,0,0,0,1,0,0.3277839819590251,0.0045624775812029,0.007712650098230754
6600000,6724,2022-07-09,357,21,['#YourShotPhotographer'],0,0,0,0,0,0,1,0,0.2953530152638753,0.0301067754626274,0.012188431206860311
6600000,7145,2022-07-09,358,16,['#yourshotphotographer'],0,0,0,0,0,0,1,0,0.2678790887196858,0.0244379676878452,0.011598257988544485
6600000,11609,2022-07-08,359,21,"['#YourShotPhotographer', '#flowers', '#fineartphotography', '#fairy', '#macrophotography']",0,0,0,0,1,0,0,0,0.3170672257741292,0.0059080808423459,0.07385881057175722
6600000,10127,2022-07-08,360,16,"['#YourShotPhotographer', '#RioDeJaneiro', '#Brazil', '#Ipanema', '#sunset']",0,0,0,0,1,0,0,0,0.316940685113271,0.0086557017639279,0.03568120513427814
6600000,11156,2022-07-07,361,21,"['#YourShotPhotographer', '#Hokkaido', '#Bear']",0,0,0,0,0,1,0,0,0.3205019235610962,0.0055838525295257,0.05680044248963627
6600000,4803,2022-07-07,362,16,"['#YourShotPhotographer', '#Taiwan', '#Taipei', '#guard']",0,0,0,0,1,0,0,0,0.3048520882924397,0.0074297995306551,0.029338839584241053
6600000,39815,2022-07-06,363,20,['#YourShotPhotographer'],0,0,0,0,0,1,0,0,0.3100841045379638,0.0068126274272799,0.0009146091680140179
6600000,10984,2022-07-06,364,16,['#YourShotPhotographer'],0,0,0,0,0,0,1,0,0.3065215349197387,0.0149106010794639,0.004902097146966107
6600000,26946,2022-07-05,365,21,"['#YourShotPhotographer', '#deer', '#spotteddeer', '#monsoon', '#rain']",0,0,0,0,0,1,0,0,0.2741986910502116,0.0134163685142993,0.0065594526883892825
6600000,12787,2022-07-05,366,16,['#yourshotphotographer'],0,0,0,0,1,0,0,0,0.3097874124844869,0.0071330782957375,0.004561569383120778
6600000,8636,2022-07-04,367,21,"['#SandhillCranes', '#Yellowstone', '#YourShotPhotographer']",0,0,0,0,1,0,0,0,0.2821921308835347,0.0152242463082075,0.01824811909333943
6600000,30883,2022-07-04,368,16,['#YourShotPhotographer'],0,0,0,0,1,0,0,0,0.3197507659594218,0.0052352948114275,0.0762181199209557
6600000,9221,2022-07-03,369,21,"['#YourShotPhotographer', '#Italy', '#reflection']",0,0,0,0,1,0,0,0,0.3188683986663818,0.0054191462695598,0.04117384878504483
6600000,21216,2022-07-03,370,16,['#YourShotPhotographer'],0,0,0,0,1,0,0,0,0.2946074207623799,0.0119707956910133,0.019011289729513936
6600000,14956,2022-07-02,372,16,"['#YourShotPhotographer', '#WhiteSands', '#NewMexico']",0,0,0,0,0,0,1,0,0.2840562661488851,0.0117232352495193,0.004383235967200466
6600000,24294,2022-07-01,373,17,"['#YourShotPhotographer', '#BlueJay', '#Jay', '#Wildlife', '#Bird']",0,0,0,0,0,1,0,0,0.3151260614395141,0.0065154354088008,0.0918421548095135
6600000,8711,2022-07-01,374,16,"['#Hanoi', '#Vietnam', '#YourShotPhotographer']",0,0,0,0,1,0,0,0,0.3172393242518107,0.0063801896758377,0.15227045159508917
6600000,14941,2022-06-30,375,21,"['#YourShotPhotographer', '#poppies', '#wildflowers', '#nature', '#fineartphotography']",0,0,0,0,1,0,0,0,0.3124027649561564,0.0065784254111349,0.026826778245284268
6600000,4831,2022-06-30,376,16,['#yourshotphotographer'],0,0,0,0,1,0,0,0,0.3163568576176961,0.0066141420975327,0.1043301415560701
6600000,5366,2022-06-29,377,21,['#YourShotPhotographer'],0,0,0,0,1,0,0,0,0.3220587968826294,0.0052609997801482,0.17926989769208818
6600000,12621,2022-06-29,378,16,"['#YourShotPhotographer', '#spider', '#water', '#macro', '#nature']",0,0,0,0,0,1,0,0,0.3121323982874552,0.0065674073994159,0.07787034526479643
6600000,38059,2022-06-28,379,21,['#YourShotPhotographer'],0,0,0,0,0,0,1,0,0.2901110450426737,0.0101953083649277,0.0010840881520761108
6600000,6861,2022-06-26,383,16,"['#YourShotPhotographer', '#Taiwan', '#Keelung']",0,0,0,0,0,1,0,0,0.3177682558695475,0.0060928212478756,0.037818159857597115
6600000,12781,2022-06-25,384,21,['#YourShotPhotographer'],0,0,0,0,0,1,0,0,0.3171594738960266,0.0055064298212528,0.006182962636706634
6600000,9886,2022-06-25,385,16,"['#YourShotPhotographer', '#DixieFire', '#California', '#Aerial', '#Photography']",0,0,0,0,0,0,1,0,0.3100395997365315,0.0067673516459763,0.20150812568715024
6600000,38292,2022-06-24,386,21,['#YourShotPhotographer'],0,0,0,0,1,0,0,0,0.3198291858037312,0.0055595226585865,0.016107145004560453
6600000,10531,2022-06-24,387,16,"['#yourshotphotographer', '#netherlands', '#color', '#tulipfields', '#travel']",0,0,0,0,1,0,0,0,0.3277841011683146,0.0052648093551397,0.4663547193202501
6600000,31200,2022-06-23,388,21,"['#YourShotPhotographer', '#flamingo']",0,0,0,0,1,0,0,0,0.3228468497594197,0.0052866749465465,0.014256286012017935
6600000,41076,2022-06-23,389,16,"['#YourShotPhotographer', '#anemone_fish', '#Ishigaki']",0,0,0,0,0,1,0,0,0.3152891000111897,0.0061978544108569,0.0024309406708874644
6600000,7417,2022-06-22,390,21,['#yourshotphotographer'],0,0,0,0,1,0,0,0,0.2973949114481608,0.0090394029393792,0.06682546327890918
6600000,11389,2022-06-22,391,16,['#YourShotPhotographer'],0,0,0,0,1,0,0,0,0.3190799156824748,0.0056884996592998,0.22279923222664563
6600000,8360,2022-06-21,392,21,['#yourshotphotographer'],0,0,0,0,0,0,0,0,0.3201571305592854,0.0053913183510303,0.012661775561427073
6600000,13101,2022-06-21,393,16,"['#YourShotPhotographer', '#reflections', '#rain', '#streetphotography', '#weather']",0,0,0,0,0,0,1,0,0.3205656210581462,0.0058600530028343,0.06922285585612196
6600000,41159,2022-06-20,394,21,"['#YourShotPhotographer', '#Tree', '#Rügen', '#Germany']",0,0,0,0,0,0,1,0,0.3264131347338359,0.0050585879944264,0.38624543582749643
6600000,6493,2022-06-20,395,16,[],0,0,0,0,1,0,0,0,0.2976113557815552,0.0118870455771684,0.028282742324644162
6600000,15402,2022-06-19,396,21,"['#YourShotPhotographer', '#Hokkaido', '#Seal']",0,0,0,0,0,1,0,0,0.1769195199012756,0.1263264119625091,0.017225318678276945
6600000,14130,2022-06-19,397,16,['#YourShotPhotographer'],0,0,0,0,0,1,0,0,0.2849473158518473,0.0110070183873176,0.062039313805993875
6600000,11914,2022-06-18,398,21,"['#YourShotPhotographer', '#RedSquirrel', '#Squirrel', '#Wildlife']",0,0,0,0,1,0,0,0,0.3027720848719279,0.0080159492790699,0.039237006645871327
6600000,9454,2022-06-18,399,16,['#YourShotPhotographer'],0,0,0,0,0,1,0,0,0.3217377662658691,0.0052603632211685,0.019670326378943375
6600000,16535,2022-06-17,400,21,['#YourShotPhotographer'],0,0,0,0,0,0,1,0,0.2645376324653625,0.0168290063738822,0.0017464895136810085
6600000,6569,2022-06-17,401,16,"['#YourShotPhotographer', '#oman', '#Dhofar', '#Salalah']",0,0,0,0,0,1,0,0,0.3025042613347371,0.0102313887327909,0.03338928811889936
6600000,6569,2022-06-17,401,16,"['#YourShotPhotographer', '#oman', '#Dhofar', '#Salalah']",0,0,0,0,0,0,1,0,0.2946644226710002,0.0138955665752291,0.1062612419500384
6600000,8902,2022-06-16,402,21,"['#BlackTailedDeer', '#MountRainier', '#YourShotPhotographer']",0,0,0,0,0,1,0,0,0.3007627129554748,0.0078355064615607,0.008983549579365115
6600000,54287,2022-06-16,403,16,"['#yourshotphotographer', '#pride', '#nonbinary', '#lgbtq']",0,0,0,0,1,0,0,0,0.3243396282196045,0.0053703179582953,0.048559400932723214
6600000,54287,2022-06-16,403,16,"['#yourshotphotographer', '#pride', '#nonbinary', '#lgbtq']",0,0,0,0,1,0,0,0,0.3291410406430562,0.004437880590558,0.013760670236776747
6600000,12228,2022-06-15,404,21,['#YourShotPhotographer'],0,0,0,0,0,0,1,0,0.3176165024439494,0.0058900057338178,0.019253540973726443
6600000,9461,2022-06-15,405,16,['#YourShotPhotographer'],0,0,0,0,0,0,1,0,0.3255700866381327,0.0055496431887149,0.10394979769158416
6600000,25474,2022-06-14,406,21,"['#YourShotPhotographer', '#Hokkaido', '#Fox']",0,0,0,0,1,0,0,0,0.3152307669321696,0.0061982823535799,0.2968345118439051
6600000,12883,2022-06-14,407,16,"['#YourShotPhotographer', '#ice', '#blackandwhite', '#winter']",0,0,0,0,0,0,0,0,0.1559681296348571,0.4065964221954345,0.025138303854651045
6600000,8125,2022-06-13,408,21,['#YourShotPhotographer'],0,0,0,0,0,0,1,0,0.303454041481018,0.0121977934613823,0.003564635535333404
6600000,7124,2022-06-12,410,21,['#YourShotPhotographer'],1,0,0,0,0,0,0,0,0.3246690034866333,0.0051282620988786,0.035953610967952694
6600000,16836,2022-06-12,411,16,['#YourShotPhotographer'],0,0,0,0,1,0,0,0,0.3078909317652384,0.0067962007597088,0.0022890098575310963
6600000,11073,2022-06-11,412,21,['#yourshotphotographer'],0,0,0,0,1,0,0,0,0.3139050404230754,0.0062439031898975,0.010328471784822352
6600000,14450,2022-06-11,413,16,"['#YourShotPhotographer', '#Japan', '#Softcoral']",0,0,0,0,0,0,1,0,0.3223542372385661,0.0083471313118934,0.05063744867595167
6600000,13975,2022-06-10,414,21,['#YourShotPhotographer'],0,0,0,0,1,0,0,0,0.2874705592791239,0.0100261103361845,0.007056696454546399
6600000,14088,2022-06-10,415,16,['#YourShotPhotographer'],0,0,0,0,1,0,0,0,0.2648521661758423,0.0268004667013883,0.13676058032104835
6600000,14371,2022-06-09,416,21,"['#YourShotPhotographer', '#wildlife', '#birds']",0,0,0,0,0,0,1,0,0.3067291776339213,0.0072261788882315,0.023950209089482775
6600000,14371,2022-06-09,416,21,"['#YourShotPhotographer', '#wildlife', '#birds']",0,0,0,0,0,0,1,0,0.3150428930918376,0.0062235463410615,0.03415745106091312
6600000,6426,2022-06-09,417,16,['#yourshotphotographer'],0,0,0,0,1,0,0,0,0.3148215810457865,0.0064208135008811,0.0860807773245269
6600000,7717,2022-06-08,418,21,['#YourShotPhotographer'],0,0,0,0,1,0,0,0,0.3234062194824219,0.0048993467353284,0.14921887035183615
6600000,9707,2022-06-08,419,16,['#YourShotPhotographer'],0,0,0,0,0,1,0,0,0.3161688844362895,0.0058898497372865,0.11905636671393123
6600000,8785,2022-06-07,420,21,"['#coexist', '#OregonCoast', '#YourShotPhotographer']",0,0,0,0,0,0,1,0,0.3106619517008464,0.0064231329597532,0.02562942111976092
6600000,38211,2022-06-07,421,16,['#YourShotPhotographer'],0,0,0,0,0,0,1,0,0.3083677093187968,0.007296456489712,0.013256014049740158
6600000,19495,2022-06-06,422,21,"['#YourShotPhotographer', '#polarbear']",0,0,0,0,1,0,0,0,0.3002201318740845,0.0115108899772167,0.007766984759509422
6600000,14711,2022-06-06,423,16,"['#YourShotPhotographer', '#Oregon', '#ThreeSisters', '#Aerial', '#Photography']",0,0,0,0,0,1,0,0,0.2960889339447021,0.0090021239593625,0.0772296612453242
6600000,10602,2022-06-05,424,21,['#YourShotPhotographer'],0,0,0,0,1,0,0,0,0.3213047981262207,0.0052159111946821,0.08568683253685487
6600000,5533,2022-06-05,425,16,['#YourShotPhotographer'],0,0,0,0,1,0,0,0,0.2173476219177246,0.0906451046466827,0.008385137368836061
6600000,29578,2022-06-04,427,16,"['#YourShotPhotographer', '#Tree', '#Rügen', '#Germany']",0,0,0,0,0,0,0,0,0.3167733152707417,0.0073508713394403,0.17891659020106085
6600000,11577,2022-06-03,428,21,['#YourShotPhotographer'],0,0,0,0,0,1,0,0,0.3244768381118774,0.0052265524864196,0.003400489201795911
6600000,17248,2022-06-03,429,16,"['#YourShotPhotographer', '#RedFox', '#Fox', '#Wildlife']",0,0,0,0,1,0,0,0,0.310923437277476,0.0084882816299796,0.08373296239769894
6600000,8123,2022-06-02,430,23,[],0,0,0,0,0,1,0,0,0.3062359094619751,0.007700755726546,0.005902280772638615
6600000,8123,2022-06-02,430,23,[],0,0,0,0,0,1,0,0,0.299923022588094,0.0087109049782156,0.009376574206117405
6600000,10762,2022-06-02,431,21,"['#YourShotPhotographer', '#Hokkaido', '#Deer']",0,0,0,0,0,1,0,0,0.302032987276713,0.0090793054550886,0.08488102413974617
6600000,7361,2022-06-02,433,16,"['#YourShotPhotographer', '#Taiwan', '#temple', '#fire', '#ghostmoney']",0,0,0,0,1,0,0,0,0.3104933698972066,0.0067484346218407,0.011835964585143317
6600000,12683,2022-06-01,434,21,"['#yourshotphotographer', '#hiv', '#uequalsu']",0,0,0,0,0,0,0,0,0.3133070866266886,0.0074127609841525,0.016370499187278734
6600000,16031,2022-06-01,435,16,['#Yourshotphotographer'],0,0,0,0,1,0,0,0,0.260793129603068,0.0279546994715929,0.07920658296546974
6600000,18437,2022-06-01,436,1,['#YourShotPhotographer'],0,0,0,0,0,1,0,0,0.283498744169871,0.0168975163251161,0.014955853227430843
6600000,13737,2022-05-31,437,16,['#yourshotphotographer'],0,0,0,0,1,0,0,0,0.2947222391764323,0.0127850100398063,0.006657249011511939
6600000,13236,2022-05-30,438,21,"['#YourShotPhotographer', '#Hokkaido', '#SeaEagle']",0,0,0,0,1,0,0,0,0.2605095108350118,0.0166368763893842,0.008461540482150158
6600000,16263,2022-05-30,439,16,['#YourShotPhotographer'],0,0,0,0,0,0,0,0,0.2894937594731648,0.0207079276442527,0.12872272644753882
6600000,19786,2022-05-29,440,21,"['#YourShotPhotographer', '#RedFox', '#Fox', '#Wildlife']",0,0,0,0,1,0,0,0,0.3245097796122233,0.0050514214672148,0.08813180932177965
6600000,26941,2022-05-29,441,16,['#YourShotPhotographer'],0,0,0,0,1,0,0,0,0.2842607895533244,0.0396030768752098,0.0005486333672095625
6600000,20827,2022-05-28,442,21,['#YourShotPhotographer'],0,0,0,0,0,1,0,0,0.3280914624532063,0.0046175424940884,0.11682936629502629
6600000,8584,2022-05-28,443,16,"['#YourShotPhotographer', '#greatsaltlake', '#utah', '#fromabove', '#aerial']",0,0,0,0,1,0,0,0,0.2736566662788391,0.0162935685366392,0.029577907836092276
6600000,16903,2022-05-27,444,21,"['#YourShotPhotographer', '#blackandwhite', '#macro', '#bubbles']",0,0,0,0,0,0,0,0,0.3105841279029846,0.0070043122395873,0.035085796140173854
6600000,13527,2022-05-27,445,16,"['#HarlequinDuck', '#OregonCoast', '#YourShotPhotographer']",0,0,0,0,1,0,0,0,0.3186058402061462,0.0054238615557551,0.03766878929912538
6600000,11302,2022-05-26,447,16,"['#yourshotphotographer', '#artsy', '#fineartphotography', '#viola', '#flower']",0,0,0,0,1,0,0,0,0.3102907538414001,0.0070448732003569,0.0
6600000,24609,2022-05-25,449,16,['#YourShotPhotographer'],0,0,0,0,1,0,0,0,0.3152452111244201,0.0092065278440713,0.0015712868897770267
6600000,11913,2022-05-24,450,21,"['#YourShotPhotographer', '#oman', '#Eid']",0,0,0,0,1,0,0,0,0.3235510190327962,0.0050769178196787,0.13834330627000158
6600000,14689,2022-05-24,451,16,['#YourShotPhotographer'],0,0,0,0,0,0,1,0,0.3212218681971232,0.0055376775562763,0.124730219390233
6600000,10832,2022-05-22,454,21,['#YourShotPhotographer'],0,0,0,0,1,0,0,0,0.3280629515647888,0.0046814018860459,0.04899655682876513
6600000,12776,2022-05-22,455,16,"['#YourShotPhotographer', '#lion', '#Botswana']",0,0,0,0,1,0,0,0,0.3055413961410522,0.0072740162722766,0.008705104341079196
6600000,8470,2022-05-21,456,21,['#YourShotPhotographer'],0,0,0,0,0,0,1,0,0.3177813688913981,0.0060826279222965,0.04514010551612016
6600000,9370,2022-05-21,457,16,"['#PiedBilledGrebe', '#Birdwatching', '#YourShotPhotographer']",0,0,0,0,0,1,0,0,0.3031747341156006,0.0085832327604293,0.03294411591789154
6600000,8839,2022-05-20,458,21,"['#YourShotPhotographer', '#Japan']",0,0,0,0,0,0,1,0,0.3245307604471842,0.0050001116469502,0.035621293935048176
6600000,23839,2022-05-20,459,18,['#YourShotPhotographer'],0,0,0,0,1,0,0,0,0.2137365937232971,0.061062317341566,0.002302802979889688
6600000,23839,2022-05-20,459,18,['#YourShotPhotographer'],0,0,0,0,1,0,0,0,0.2636062502861023,0.0291789956390857,0.035772379338960165
6600000,23839,2022-05-20,459,18,['#YourShotPhotographer'],0,0,0,0,1,0,0,0,0.1496714452902476,0.137857899069786,0.0013173059565700675
6600000,25104,2022-05-20,460,16,"['#yourshotphotographer', '#ocean', '#wave', '#color', '#sunset']",0,0,0,0,1,0,0,0,0.321373184521993,0.0052636098116636,0.16976432161611563
6600000,12782,2022-05-19,461,21,['#yourshotphotographer'],0,0,0,0,0,1,0,0,0.3023350437482198,0.0086474725976586,0.02169514366490196
6600000,16425,2022-05-19,462,16,"['#YourShotPhotographer', '#endangered']",0,0,0,0,0,1,0,0,0.3131428559621175,0.0064019979909062,0.0188935204498185
6600000,8492,2022-05-18,463,21,['#yourshotphotographer'],0,0,0,0,1,0,0,0,0.3171845475832621,0.0067370817996561,0.1846444068336891
6600000,34555,2022-05-18,464,16,"['#YourShotPhotographer', '#bear', '#Slovenia']",0,0,0,0,1,0,0,0,0.3105371197064717,0.0065928953699767,0.055802064476628645
6600000,11685,2022-05-17,465,21,"['#YourShotPhotographer', '#aerial', '#photography']",0,0,0,0,1,0,0,0,0.2973747054735819,0.0095245167613029,0.07157636685152705
6600000,14349,2022-05-17,466,16,['#YourShotPhotographer'],0,0,0,0,1,0,0,0,0.3292526404062907,0.0043860105797648,0.3966007928624664
6600000,14690,2022-05-16,467,21,"['#SeaIce', '#Nunavut', '#YourShotPhotographer']",0,0,0,0,0,0,1,0,0.302137275536855,0.0076208752579987,0.017121632073732098
6600000,24889,2022-05-16,468,16,"['#yourshotphotographer', '#arizona', '#antelopecanyon', '#slotcanyon']",0,0,0,0,1,0,0,0,0.2796207070350647,0.015063545666635,0.016586897643473347
6600000,24975,2022-05-15,469,21,['#yourshotphotographer'],0,0,0,0,1,0,0,0,0.3108908335367839,0.0094644837081432,0.00042631567204090483
6600000,19059,2022-05-15,470,16,"['#YourShotPhotographer', '#streetphotography']",0,0,0,0,0,0,0,0,0.3170307477315267,0.0073038707487285,0.03843616121224444
6600000,25014,2022-05-14,471,18,['#YourShotPhotographer'],0,1,0,0,1,0,0,0,0.3204316695531209,0.0060255676507949,0.014525107071504569
6600000,13104,2022-05-14,472,14,['#YourShotPhotographer'],0,0,0,0,1,0,0,0,0.306536058584849,0.0123708909377455,0.001288454147052526
6600000,28649,2022-05-14,473,0,"['#YourShotPhotographer', '#SarusCranes']",0,0,0,0,1,0,0,0,0.310982604821523,0.0066709010861814,0.0009772570039702718
6600000,13115,2022-05-13,474,18,['#yourshotphotographer'],0,0,0,0,0,0,1,0,0.3033312757809956,0.0072310101240873,0.0030262567887452576
6600000,10341,2022-05-12,475,18,"['#YourShotPhotographer', '#india', '#animal']",0,0,0,0,1,0,0,0,0.3267918427785237,0.0046062124893069,0.01308244140702695
6600000,15222,2022-05-12,476,14,"['#129)', '#YourShotPhotographer']",0,0,0,0,0,1,0,0,0.2758682171503703,0.0193594861775636,0.009291269041390675
6600000,12645,2022-05-11,477,18,[],0,0,0,0,1,0,0,0,0.3191423217455546,0.0060508195310831,0.022247639752565326
6600000,12645,2022-05-11,477,18,[],0,0,0,0,0,1,0,0,0.3164032498995463,0.0056481016799807,0.07627335365560028
6600000,12185,2022-05-11,478,18,"['#YourShotPhotographer', '#Okinawa']",0,0,0,0,0,0,1,0,0.3246224125226338,0.0056453431025147,0.061619537450633775
6600000,18631,2022-05-10,479,18,"['#YourShotPhotographer', '#BrownBear', '#Alaska']",0,0,0,0,0,0,1,0,0.3220652143160502,0.0049976324662566,0.07862835372078943
6600000,8231,2022-05-10,480,14,"['#yourshotphotographer', '#eid', '#festival', '#india']",0,0,0,0,1,0,0,0,0.3272641102472941,0.0046570552513003,0.0075953015421079935
6600000,23727,2022-05-09,481,14,"['#YourShotPhotographer', '#California', '#LongExposure', '#Photography']",0,0,0,0,1,0,0,0,0.3157013058662414,0.0063012819737195,0.0015193967184496243
6600000,18613,2022-05-08,482,18,['#YourShotPhotographer'],0,0,0,0,1,0,0,0,0.2923247814178467,0.0093541117385029,0.015263476185178475
6600000,20212,2022-05-08,483,14,"['#YourShotPhotographer', '#polarbear']",0,0,0,0,0,0,1,0,0.2926281690597534,0.0098732952028512,0.00872430725487586
6600000,19803,2022-05-07,484,18,['#YourShotPhotographer'],0,0,0,0,1,0,0,0,0.3129386107126872,0.0083243045955896,0.02107203236719414
6600000,10880,2022-05-07,485,14,"['#YourShotPhotographer', '#insect', '#mantis']",0,0,0,0,1,0,0,0,0.320324182510376,0.0055957534350454,0.004629005541083344
6600000,26760,2022-05-06,486,18,"['#YourShotPhotographer', '#water', '#macro', '#blackandwhite', '#condensation']",0,0,0,0,0,0,0,0,0.2931331594785054,0.0108614806085824,0.014669564992146417
6600000,26244,2022-05-06,487,14,"['#YourShotPhotographer', '#mountains', '#NewMexico', '#wildlife']",0,0,0,0,1,0,0,0,0.31231423219045,0.0067891096696257,0.08622899669240301
6600000,66643,2022-05-05,488,18,"['#YourShotPhotographer', '#turtles']",0,0,0,0,1,0,0,0,0.3201342821121216,0.0067615327425301,0.05638587043731346
6600000,13273,2022-05-05,489,14,"['#YourShotPhotographer', '#Hokkaido', '#Deer']",0,0,0,0,0,0,1,0,0.2602955301602681,0.0227522701025009,0.0043338889820427415
6600000,6764,2022-05-04,490,18,['#yourshotphotographer'],0,0,0,0,1,0,0,0,0.29916912317276,0.0123952627182006,0.05942109499585678
6600000,21991,2022-05-04,491,14,['#yourshotphotographer'],0,0,0,0,0,0,1,0,0.3096958796183268,0.012970563955605,0.01487251193607039
6600000,8463,2022-05-03,492,18,"['#yourshotphotographer', '#eid', '#festival', '#India']",0,0,0,0,1,0,0,0,0.3222194314002991,0.0055704042315483,0.029939497833225005
6600000,18275,2022-05-03,493,14,"['#yourshotphotographer', '#fineartphotographer', '#creativeart', '#photopainting']",0,0,0,0,1,0,0,0,0.2978444099426269,0.0111292041838169,0.009801584996783309
6600000,22693,2022-05-02,494,18,"['#YourShotPhotographer', '#AsiaticElephant', '#CorbettTigerReserve', '#Himalaya']",0,0,0,0,1,0,0,0,0.2569334705670674,0.0226644892245531,0.0031575059034105128
6600000,14020,2022-05-02,495,14,"['#YourShotPhotographer', '#sanfrancisco', '#goldengatebridge', '#fromabove']",0,0,0,0,1,0,0,0,0.3011622428894043,0.0085998885333538,0.010947350115652833
6600000,22525,2022-05-01,496,18,"['#YourShotPhotographer', '#Hokkaido', '#whitetailedeagle']",0,0,0,0,0,0,1,0,0.2893406550089518,0.0114754950627684,0.04838493692119847
6600000,23768,2022-05-01,497,14,['#YourShotPhotographer'],0,0,0,0,0,1,0,0,0.28337029616038,0.0120586957782506,0.07686671611245602
6600000,10935,2022-04-30,498,18,"['#YourShotPhotographer', '#Mantee']",0,0,0,0,0,1,0,0,0.3003220955530802,0.0088510885834693,0.016468097508994552
6600000,9840,2022-04-30,499,14,['#YourShotPhotographer'],0,0,0,0,0,0,1,0,0.3187512556711833,0.0055813398212194,0.060307655238178715
6600000,21909,2022-04-29,500,18,"['#YourShotPhotographer', '#seattle']",0,0,0,0,1,0,0,0,0.2968382835388183,0.0086882608011364,0.007205083739072176
